"From","To","weight"
"Tang, Qiong","Chen, Chuanfu",2
"Tang, Qiong","Chiu, Kuei",2
"Tang, Qiong","Sun, Kai",2
"Bozanis, Panayiotis","Katsaros, Dimitrios",2
"Bozanis, Panayiotis","Akritidis, Leonidas",2
"Allesina, Stefano","Parker, John N.",2
"Maria Cavero, Jose","Caceres, Paloma",2
"Maria Cavero, Jose","Vela, Belen",2
"Takeda, Yoshiyuki","Matsushima, Katsumori",2
"Takeda, Yoshiyuki","Kajikawa, Yuya",4
"Janssen, Ruud","Bondarenko, Olha",2
"Grupp, H","Hinze, S",2
"Grupp, H","Schmoch, U",2
"Bigdeli, Zahed","Gazni, Ali",2
"Li, Jiang","Qiao, Lili",2
"Li, Jiang","Huang, Cui",2
"Li, Jiang","Zhao, Star X.",2
"Li, Jiang","Jin, Yidan",2
"Li, Jiang","Ye, Fred Y.",3
"Li, Jiang","Shi, Dongbo",2
"Li, Jiang","Li, Wenyuze",2
"Li, Jiang","Su, Jun",2
"Li, Jiang","Xie, Xiang",2
"Hicks, D","Katz, JS",2
"Magee, Christopher L.","Benson, Christopher L.",2
"Zhao, Star X.","Tan, Alice M.",3
"Zhao, Star X.","Ye, Fred Y.",6
"Zhao, Star X.","Rousseau, Ronald",2
"Yaari, Eti","Bar-Ilan, Judit",2
"Yaari, Eti","Levene, Mark",2
"Yaari, Eti","Keenoy, Kevin",2
"Cabral, Jose A. S.","Vieira, Elizabeth S.",2
"Cabral, Jose A. S.","Gomes, Jose A. N. F.",2
"Bruins, EEW","Rinia, EJ",2
"Bruins, EEW","van Vuren, HG",2
"Bruins, EEW","van Raan, AFJ",2
"Bruins, EEW","van Leeuwen, TN",2
"Moreno, Luz","Bordons, Maria",2
"Moreno, Luz","Morillo, Fernanda",2
"Moreno, Luz","Gonzalez-Albo, Borja",3
"Moreno, Luz","Aparicio, Javier",2
"Hedman, Juha","Kivinen, Osmo",2
"Song, Min","Jeong, Yoo Kyung",4
"Song, Min","Kim, Chang Ouk",2
"Song, Min","Heo, Go Eun",4
"Song, Min","Zhang, Guo",2
"Song, Min","Kim, Ha Jin",2
"Song, Min","Kim, Su Yeon",2
"Song, Min","Ding, Ying",5
"Song, Min","Chambers, Tamy",2
"Yang, CC","Li, KW",4
"Tijssen, RJW","Visser, MS",2
"Tijssen, RJW","van Leeuwen, TN",3
"Rodriguez, Marko A.","Pepe, Alberto",3
"Rodriguez, Marko A.","Bollen, Johan",2
"BURGER, WJM","MOED, HF",2
"BURGER, WJM","FRANKFORT, JG",2
"BURGER, WJM","VANRAAN, AFJ",2
"Zhang, Lin","Janssens, Frizo",2
"Zhang, Lin","Rousseau, Ronald",4
"Zhang, Lin","Thijs, Bart",3
"Zhang, Lin","Glanzel, Wolfgang",10
"Zhang, Lin","Liang, Liming",3
"Zhang, Lin","Glaenzel, Wolfgang",2
"Nemtsov, AV","Zorin, NA",2
"Guan, Jiancheng","Chen, Kaihua",2
"Guan, Jiancheng","Zhao, Qingjun",3
"Guan, Jiancheng","Zhu, Wenjia",2
"Guan, Jiancheng","Gao, Xia",7
"Guan, Jiancheng","Ma, Nan",2
"Guan, Jiancheng","Zhang, Jingjing",2
"Guan, Jiancheng","He, Ying",2
"Guan, Jiancheng","Chen, Zifeng",2
"Guan, Jiancheng","Yan, Yan",2
"Guan, Jiancheng","Wang, Gangbo",2
"Pudovkin, AI","Garfield, E",2
"Niemi, Timo","Nappila, Turkka",2
"Fu, Hui-Zhen","Ho, Yuh-Shan",6
"Gulbrandsen, Magnus","Klitkou, Antje",2
"Chiang, Chun-Hao","Hsu, Chien-Lung",2
"Martinez, M. A.","Herrera-Viedma, E.",2
"Martinez, M. A.","Herrera, M.",2
"Mastrogiacomo, Luca","Galetto, Maurizio",3
"Mastrogiacomo, Luca","Franceschini, Fiorenzo",11
"Mastrogiacomo, Luca","Maisano, Domenico",11
"Kantor, Paul","Strzalkowski, Tomek",3
"Kantor, Paul","Wacholder, Nina",3
"Kantor, Paul","Kelly, Diane",2
"Kantor, Paul","Rittman, Robert",3
"Kantor, Paul","Bai, Bing",2
"Kantor, Paul","Small, Sharon",2
"Kantor, Paul","Sun, Ying",3
"Bailon-Moreno, Rafael","Jimenez-Contreras, Evaristo",2
"Bailon-Moreno, Rafael","Ruiz-Banos, Rosario",2
"Grossman, D","Frieder, O",3
"Gagolewski, Marek","Mesiar, Radko",2
"Bollen, Johan","Tang, Jie",2
"Bollen, Johan","Ding, Ying",2
"Bollen, Johan","de Sompel, Herbert Van",2
"Duan, Zhiguang","Yu, Qi",2
"de Nooy, Wouter","Leydesdorff, Loet",2
"Pan, Bing","Gay, Geri",2
"RAO, IKR","EGGHE, L",2
"Huang, Sheng-Cheng","Bias, Randolph G.",2
"Molinari, Alain","Molinari, Jean-Francois",2
"Roychowdhury, Vwani P.","Simkin, Mikhail V.",2
"Thijs, Bart","Schubert, Andras",3
"Thijs, Bart","Glanzel, Wolfgang",12
"Thijs, Bart","Zhou, Ping",2
"Thijs, Bart","Glaenzel, Wolfgang",7
"Thijs, Bart","Debackere, Koenraad",5
"Acarturk, Cengiz","Alasehir, Oguzhan",2
"Haustein, Stefanie","Sugimoto, Cassidy R.",2
"Haustein, Stefanie","Peters, Isabella",2
"Haustein, Stefanie","Lariviere, Vincent",3
"Haustein, Stefanie","Thelwall, Mike",2
"Zhai, Li","Yan, Xiangbin",4
"Zhai, Li","Fan, Weiguo",2
"Bornmann, L","Daniel, HD",2
"Melin, G","Persson, O",3
"Romero-Frias, Esteban","Vaughan, Liwen",4
"Martin-Sempere, M. Jose","Rey-Rocha, Jesus",2
"Martin-Sempere, M. Jose","Garzon-Garcia, Belen",2
"Yu, Da-Ren","Yu, Guang",2
"Marty, Paul F.","Hinnant, Charles C.",2
"Marty, Paul F.","Worrall, Adam",2
"Marty, Paul F.","Kazmer, Michelle M.",2
"Marty, Paul F.","Burnett, Kathleen",2
"Marty, Paul F.","Stvilia, Besiki",2
"Marty, Paul F.","Burnett, Gary",2
"Robert, Claude","Wilson, Concepcion S.",2
"Robert, Claude","Arreto, Charles-Daniel",2
"Robert, Claude","Gaudy, Jean-Francois",2
"Zhuang, Yanhua","Hong, Song",2
"Scharnhorst, Andrea","Borner, Katy",2
"Wu, Chong","Li, Yongli",2
"Tsuji, Keita","Yoshikane, Fuyuki",2
"Ning, Lutao","Wang, Yuandi",2
"Gazni, Ali","Didegah, Fereshteh",4
"GARG, KC","SHARMA, P",2
"Czerwon, HJ","Glanzel, W",4
"Czerwon, HJ","Schubert, A",3
"Brown, Susan A.","Hu, Paul Jen-Hwa",2
"Luwel, M","Verbeek, A",2
"Luwel, M","Moed, HF",4
"Luwel, M","Debackere, K",3
"Yao, Lan","Lyu, Peng-Hui",2
"Yao, Lan","Yao, Qiang",2
"Huang, Mu-Hsuan","Chang, Han-Wen",3
"Huang, Mu-Hsuan","Fu, Jun-Ying",3
"Huang, Mu-Hsuan","Zhao, Yun-Hua",7
"Huang, Mu-Hsuan","Lin, Wen-Yau Cathy",2
"Huang, Mu-Hsuan","Zheng, Jia",2
"Huang, Mu-Hsuan","Chen, Ssu-Han",2
"Huang, Mu-Hsuan","Huang, Wei-Tzu",2
"Huang, Mu-Hsuan","Chen, Dar-Zen",31
"Huang, Mu-Hsuan","Zhang, Xu",6
"Huang, Mu-Hsuan","Chen, Ching-Yi",2
"Huang, Mu-Hsuan","Lei, Xiao-Ping",3
"Huang, Mu-Hsuan","Wang, Chun-Chieh",4
"Huang, Mu-Hsuan","Kuan, Chung-Huei",4
"Huang, Mu-Hsuan","Lin, Chang-Pin",3
"Huang, Mu-Hsuan","Sung, Hui-Yun",4
"Huang, Mu-Hsuan","Yang, Hsiao-Wen",2
"Huang, Mu-Hsuan","Zhang, Jing",2
"Huang, Mu-Hsuan","Chang, Yu-Wei",3
"Huang, Mu-Hsuan","Lin, Chi-Shiou",2
"Huang, Mu-Hsuan","Zhao, Zhi-Yun",3
"Huang, Mu-Hsuan","Dong, Huei-Ru",2
"Huang, Mu-Hsuan","Wu, Ling-Ling",3
"Lin, Aiwen","Peng, Yuling",2
"Lin, Aiwen","Liu, Fenglian",2
"West, Jevin D.","Bergstrom, Theodore",2
"West, Jevin D.","Bergstrom, Carl T.",3
"Porter, Alan L.","Zhang, Yi",3
"Porter, Alan L.","Shapira, Philip",2
"Porter, Alan L.","Zhou, Xiao",3
"Porter, Alan L.","Rafols, Ismael",3
"Porter, Alan L.","Carley, Stephen",3
"Porter, Alan L.","Youtie, Jan",5
"Fang, Hui","Liu, Xuan Zhen",6
"CANO, V","LIND, NC",2
"Su, Chunke","Contractor, Noshir",2
"Suzuki, Shinji","Nakamura, Hiroko",2
"Suzuki, Shinji","Kajikawa, Yuya",2
"Van Raan, AFJ","Noyons, ECM",2
"Chen, Chuanfu","Chiu, Kuei",2
"Chen, Chuanfu","Sun, Kai",2
"Shapira, B","Elovici, Y",2
"Shapira, B","Kuflik, T",2
"Wouters, P","Leydesdorff, L",2
"Yochai, W.","Buranathiti, T.",2
"Yochai, W.","Sombatsompop, N.",4
"Yochai, W.","Markpin, T.",4
"Yochai, W.","Premkamolnetr, N.",4
"Yochai, W.","Boonradsamee, B.",2
"Yochai, W.","Ratchatahirun, P.",4
"De Moor, Bart","Liu, Xinhai",3
"De Moor, Bart","Janssens, Frizo",4
"De Moor, Bart","Debackere, Koenraad",2
"De Moor, Bart","Glanzel, Wolfgang",4
"De Moor, Bart","Rodriguez, Victor",2
"Lin, Hongfei","Lin, Yuan",2
"Lin, Hongfei","Sun, Xiaoling",3
"Lin, Hongfei","Huang, Jimmy Xiangji",2
"Lin, Hongfei","Ye, Zheng",2
"Lin, Hongfei","Xu, Kan",2
"Liu, Fang","Wan, Xiaojun",2
"Miguel, Sandra","Herrero-Solana, Victor",2
"Miguel, Sandra","de Moya-Anegon, Felix",4
"Miguel, Sandra","Moya-Anegon, Felix",2
"Miguel, Sandra","Chinchilla-Rodriguez, Zaida",4
"Aleixandre-Benavent, Rafael","Carlos Valderrama-Zurian, Juan",3
"Aleixandre-Benavent, Rafael","Gonzalez-Alcaide, Gregorio",3
"Aleixandre-Benavent, Rafael","Navarro-Molina, Carolina",2
"Aleixandre-Benavent, Rafael","Miguel-Dasit, Alberto",2
"Palakal, M","Mostafa, J",2
"Palakal, M","Raje, R",2
"Palakal, M","Mukhopadhyay, S",2
"Palakal, M","Peng, S",2
"Marchant, Thierry","Bouyssou, Denis",4
"MIQUEL, JF","OKUBO, Y",3
"MIQUEL, JF","DORE, JC",3
"Kao, Chiang","Pao, Hwei-Lan",2
"Wu, Jiang","Ding, Xiu-Hao",2
"Wu, Jiang","Lozano, Sergi",2
"Miller, D","Ford, N",4
"Miller, D","Moss, N",4
"Park, Han Woo","Moon, Junghoon",2
"Park, Han Woo","Khan, Gohar Feroz",5
"Park, Han Woo","Leydesdorff, Loet",6
"Park, Han Woo","Barnett, George A.",3
"Park, Han Woo","Cho, Seong Eun",2
"Park, Han Woo","Choi, Sujin",2
"Kraker, Peter","Gorraiz, Juan",2
"Kraker, Peter","Schloegl, Christian",2
"Kraker, Peter","Gumpenberger, Christian",2
"Kraker, Peter","Jack, Kris",2
"Gasser, Les","Twidale, Michael B.",2
"Gasser, Les","Smith, Linda C.",2
"Gasser, Les","Stvilia, Besiki",2
"Fernandez-Ramos, Andres","Doucet, Anne-Vinciane",2
"Fernandez-Ramos, Andres","Pinto, Maria",2
"Fernandez-Ramos, Andres","Guerrero, David",2
"Olmeda-Gomez, Carlos","Perianes-Rodriguez, Antonio",2
"Olmeda-Gomez, Carlos","Moya-Anegon, Felix",2
"Chen, Shiji","Arsenault, Clement",2
"Chen, Shiji","Lariviere, Vincent",2
"Zhu, Xiaomin","Liao, Jianxin",3
"Debackere, K.","Meyer, M.",2
"Debackere, K.","Glanzel, W.",2
"Jin, Yidan","Li, Wenyuze",2
"Jin, Yidan","Qiao, Lili",2
"Liu, Xiaozhong","Ding, Ying",2
"Liu, Xiaozhong","Guo, Chun",3
"van Raan, AFJ","Visser, MS",2
"van Raan, AFJ","van Vuren, HG",2
"van Raan, AFJ","Rinia, EJ",2
"van Raan, AFJ","Moed, HF",2
"van Raan, AFJ","van Leeuwen, TN",4
"Luis Ortega, Jose","Aguillo, Isidro F.",8
"Robert, C","Arreto, CD",2
"Robert, C","Gaudy, JF",2
"Jacobs, D","Ingwersen, P",2
"Bulajic, Milica","Martic, Milan",2
"Bulajic, Milica","Jeremic, Veljko",3
"Li, L","Zhang, FL",2
"Rey, J","Martin, MJ",2
"Cole, Fletcher T. H.","Davis, Mari",2
"Cole, Fletcher T. H.","Wilson, Concepcion S.",2
"Cole, Fletcher T. H.","Yu, Hairong",2
"Moed, Henk F.","Lopez-Illescas, Carmen",5
"Moed, Henk F.","Halevi, Gali",5
"Moed, Henk F.","Plume, Andrew",2
"Moed, Henk F.","Moya-Anegon, Felix",2
"Moed, Henk F.","de Moya-Anegon, Felix",4
"Amara, Nabil","Halilem, Norrin",2
"Amara, Nabil","Landry, Rejean",4
"Smith, Linda C.","Twidale, Michael B.",2
"Smith, Linda C.","Stvilia, Besiki",2
"Dilevko, J","Gottlieb, L",2
"Cole, C","Spink, A",3
"Cole, C","Large, A",3
"Cole, C","Beheshti, J",3
"Cole, C","Brooks, M",2
"Cole, C","Leide, JE",2
"Sakata, Ichiro","Kajikawa, Yuya",3
"Sakata, Ichiro","Shibata, Naoki",2
"VERA, MI","KRAUSKOPF, M",2
"TIJSSEN, RJW","VANLEEUWEN, TN",2
"TIJSSEN, RJW","VANRAAN, AFJ",2
"Gimenez-Toledo, Elea","Manana-Rodriguez, Jorge",2
"Buchanan, Tom","Joinson, Adam N.",2
"Shen, Si","Wang, Dongbo",2
"Shen, Si","Su, Xinning",2
"Russell, Jane M.","Collazo-Reyes, Francisco",2
"Brooks, M","Large, A",2
"Brooks, M","Beheshti, J",2
"Chen, Zhulei","Wang, Jia",3
"Chen, Zhulei","Liu, Ting",2
"Chen, Zhulei","Yang, Lie",3
"Stanley, HE","Amaral, LAN",2
"Stanley, HE","Matia, K",2
"Huang, MH","Chen, DZ",3
"Huang, MH","Chang, HW",2
"Rosenkopf, Lori","Upham, S. Phineas",2
"Rosenkopf, Lori","Ungar, Lyle H.",2
"Wei, Chih-Ping","Lee, Yen-Hsien",2
"Vitali, Fabio","Peroni, Silvio",2
"Vitali, Fabio","Di Iorio, Angelo",2
"Aminpour, Farzaneh","Keshtkar, Abbas Ali",2
"Aminpour, Farzaneh","Kabiri, Payam",2
"Bordons, M","Zulueta, MA",3
"Bordons, M","Morillo, F",3
"Bordons, M","Fernandez, MT",4
"Bordons, M","Mendez, A",2
"Bordons, M","Gomez, I",6
"Bordons, M","Barrigon, S",2
"Stegmann, J","Grohmann, G",2
"Lin, Yang","Beheshti, Jamshid",2
"Lin, Yang","Large, Andrew",2
"Lin, Yang","Cole, Charles",2
"Gaudy, JF","Arreto, CD",2
"Scharnhorst, A","Bruckner, E",2
"Scharnhorst, A","Bonitz, M",3
"Moehrle, Martin G.","Gerken, Jan M.",2
"Costa, Luciano da F.","Amancio, Diego R.",3
"Costa, Luciano da F.","Oliveira, Osvaldo N., Jr.",2
"VOS, R","RIKKEN, F",2
"Reid, Edna","Chung, Wingyan",2
"Reid, Edna","Chen, Hsinchun",2
"Bassecoulard, E","Zitt, M",10
"Bassecoulard, E","Ramanana-Rahary, S",4
"Tsay, MY","Xu, H",2
"Tsay, MY","Wu, CW",2
"Tsay, MY","Ma, SS",2
"Lim, EP","Sun, A",2
"ALFENAAR, W","SPANGENBERG, JFA",2
"Huang, Chun-Yao","Chiang, I-Ping",2
"Padilla, Jose J.","Lynch, Christopher J.",2
"Padilla, Jose J.","Diallo, Saikou Y.",2
"Yoshikane, Fuyuki","Onodera, Natsuo",2
"Yoshikane, Fuyuki","Nozawa, Takayuki",2
"Yoshikane, Fuyuki","Suzuki, Takafumi",2
"Rosemblat, Graciela","Rindflesch, Thomas C.",2
"Rosemblat, Graciela","Shin, Dongwook",2
"Kim, Yangson","Lee, Soo Jeung",2
"Ma, Feng","Song, Yanhui",2
"Ma, Feng","Yang, Siluo",2
"Kumar, Sameer","Jan, Jariah Mohd.",2
"Zainab, A. N.","Abrizah, A.",2
"Zainab, A. N.","Raj, R. G.",2
"Chinchilla-Rodriguez, Zaida","Herrero-Solana, Victor",2
"Chinchilla-Rodriguez, Zaida","Moya-Anegon, Felix",3
"Chinchilla-Rodriguez, Zaida","Corera-Alvarez, Elena",3
"Chinchilla-Rodriguez, Zaida","Zacca-Gonzalez, Grisel",2
"Chinchilla-Rodriguez, Zaida","Vargas-Quesada, Benjamin",6
"Chinchilla-Rodriguez, Zaida","de Moya-Anegon, Felix",7
"Huang, Meng","Zhu, Donghua",2
"Huang, Meng","Wang, Xuefeng",2
"Li, Qiudan","Zeng, Daniel",2
"Molatudi, Mohohlo","Pouris, Anastassios",2
"GREENLEE, E","SMALL, H",3
"Seeber, Marco","Aguillo, Isidro",2
"Seeber, Marco","Barberio, Vitaliano",2
"Seeber, Marco","Lepori, Benedetto",3
"Wilkinson, David","Sud, Pardeep",2
"Wilkinson, David","Thelwall, Mike",6
"Fernandes, David","de Moura, Edleno S.",2
"Fernandes, David","da Silva, Altigran S.",2
"Okuwada, Kumi","Shirakawa, Nobuyuki",3
"Okuwada, Kumi","Furukawa, Takao",3
"Vishwanath, Arun","Chen, Hao",2
"Zhao, Zhi-Yun","Zhang, Xu",3
"Zhao, Zhi-Yun","Chen, Dar-Zen",3
"Zhao, Zhi-Yun","Zhao, Yun-Hua",3
"Zhao, Zhi-Yun","Lei, Xiao-Ping",3
"Zhao, Zhi-Yun","Zheng, Jia",2
"Yang, Guoliang","Rousseau, Ronald",2
"Yang, Guoliang","Yang, Liying",2
"Leide, John E.","Large, Andrew",2
"Leide, John E.","Beheshti, Jamshid",2
"Leide, John E.","Cole, Charles",2
"Leide, John E.","Julien, Charles-Antoine",2
"Barjak, Franz","Thelwall, Mike",2
"Lamirel, JC","Polanco, X",2
"Lamirel, JC","Francois, C",3
"Minguillo, David","Thelwall, Mike",2
"Beyth-Marom, Ruth","Bergman, Ofer",2
"Foo, Schubert","Ding, Ying",2
"Foo, Schubert","Jacob, Elin K.",2
"Foo, Schubert","Yan, Erjia",2
"Wilkinson, D","Musgrove, P",3
"Wilkinson, D","Li, XM",3
"Wilkinson, D","Thelwall, M",6
"Schiffauerova, Andrea","Ebadi, Ashkan",4
"Guerrero, David","Doucet, Anne-Vinciane",2
"Guerrero, David","Pinto, Maria",2
"Johnson, B","Ahmed, T",2
"Johnson, B","Peck, C",2
"Johnson, B","Oppenheim, C",2
"Anduckia, JC","Gomez, J",2
"Anduckia, JC","Gomez, YJ",2
"Huang, Hong","Joergensen, Corinne",2
"JIANG, GH","ZHAO, HZ",2
"Larsen, Birger","Eleazar Serrano-Lopez, Antonio",2
"Larsen, Birger","Carlos Garcia-Zorita, J.",2
"Larsen, Birger","Sanz-Casado, Elias",2
"Larsen, Birger","Schneider, Jesper W.",2
"Larsen, Birger","Ingwersen, Peter",5
"BORDONS, M","BARRIGON, S",2
"Wei, Jiuchang","Liang, Liang",2
"Xie, Qing","Zhu, Jia",2
"Xie, Qing","Saeed-Ul Hassan",2
"CALLON, M","COURTIAL, JP",6
"Hasanzadeh, Mohammad","Isfandyari-Moghaddam, Alireza",2
"Popovic, Zorica","Matic, Rada",2
"Popovic, Zorica","Vidakovic, Vera",2
"Popovic, Zorica","Stefanovic, Milena",2
"Popovic, Zorica","Smiljanic, Miroslava",2
"Popovic, Zorica","Bojovic, Srdan",2
"Visser, MS","Moed, HF",2
"Visser, MS","van Leeuwen, TN",3
"Tombros, Anastasios","Sahib, Nuzhah Gooda",3
"Tombros, Anastasios","Stockman, Tony",3
"Jeong, Seongkyoon","Choi, Jae Young",3
"Schloegl, Christian","Gorraiz, Juan",4
"Schloegl, Christian","Gumpenberger, Christian",2
"Schloegl, Christian","Jack, Kris",2
"WOUTERS, P","LEYDESDORFF, L",2
"KOCHEN, M","BLAIVAS, A",2
"Jensen, Eric C.","Beitzel, Steven M.",2
"Jensen, Eric C.","Frieder, Ophir",2
"Jensen, Eric C.","Grossman, David",2
"SHARMA, L","NAGPAUL, PS",2
"von Eye, Alexander","Schui, Gabriel",2
"von Eye, Alexander","Krampen, Guenter",2
"Daraio, Cinzia","Bonaccorsi, Andrea",3
"Daraio, Cinzia","Ruocco, Giancarlo",2
"Blandford, Ann","Rimmer, Jon",2
"Blandford, Ann","Warwick, Claire",2
"Blandford, Ann","Pontis, Sheila",2
"Blandford, Ann","Gow, Jeremy",2
"Blandford, Ann","Makri, Stephann",3
"Blandford, Ann","Buchanan, George",2
"Marx, Werner","Cardona, Manuel",2
"Marx, Werner","Schier, Hermann",4
"Marx, Werner","Leydesdorff, Loet",3
"Marx, Werner","Bornmann, Lutz",22
"Marx, Werner","Thor, Andreas",2
"Marx, Werner","Daniel, Hans-Dieter",5
"Prieto, Faustino","Maria Sarabia, Jose",2
"Stevenson, Jennifer Ann","Zhang, Jin",2
"Huang, Zhen","Liu, Yu",2
"Bini, LM","Carvalho, P",2
"Choe, Young Chan","Moon, Junghoon",2
"VANHEERINGEN, A","DIJKWEL, PA",2
"Walters, William H.","Wilder, Esther Isabelle",2
"LIPATOV, YS","DENISENKO, LV",2
"Schulz, Peter A.","Manganote, Edmilson J. T.",2
"Chan, S. C. F.","Ho, K. S.",2
"Chan, S. C. F.","Lee, D. L.",2
"Chan, S. C. F.","Luk, R. W. P.",2
"Chan, S. C. F.","Dang, E. K. F.",2
"Wang, Jian","Leydesdorff, Loet",2
"Wang, Jian","Bornmann, Lutz",2
"Wang, Jian","Hicks, Diana",3
"Costa, L. da F.","Oliveira, O. N., Jr.",2
"Costa, L. da F.","Silva, F. N.",2
"Sinha, Ankur","Wallenius, Jyrki",2
"Sinha, Ankur","Malo, Pekka",2
"Sinha, Ankur","Korhonen, Pekka",2
"Fry, Jenny","Wouters, Paul",2
"Diospatonyi, Ildiko","Braun, Tibor",3
"Diospatonyi, Ildiko","Zsindely, Sandor",3
"Diospatonyi, Ildiko","Zador, Erika",3
"Yoshikane, F","Kageura, K",3
"Yoshikane, F","Tsuji, K",2
"Zhang, Guo","Ding, Ying",4
"Zhang, Guo","Chambers, Tamy",3
"Lin, Yuan","Xu, Kan",2
"Pouris, Anastassios","Inglesi-Lotz, Roula",2
"Pouris, Anastassios","Pouris, Anthipi",2
"Barabesi, L.","Baccini, A.",2
"Lin, Nan","Qin, Zheng",2
"Lin, Nan","Ding, Ying",2
"Lin, Nan","Li, Daifeng",2
"Lin, Nan","Dong, Tianxi",2
"Lin, Nan","Tang, Jie",2
"Lin, Nan","He, Bing",2
"Kissin, Igor","Bradley, Edwin L., Jr.",3
"Uddin, Ashraf","Pinto, David",2
"Uddin, Ashraf","Singh, Vivek Kumar",4
"Mori, Junichiro","Kajikawa, Yuya",2
"Zhong, Zhen","Rousseau, Ronald",3
"Zhong, Zhen","Liang, Liming",3
"Frandsen, Tove Faber","Nicolaisen, Jeppe",8
"Glanzel, W","Moed, HF",2
"Glanzel, W","Persson, O",3
"Glanzel, W","Thijs, B",10
"Glanzel, W","Schlemmer, B",3
"Glanzel, W","Danell, R",2
"Glanzel, W","De Lange, C",2
"Glanzel, W","Schoepflin, U",3
"Glanzel, W","Leta, J",2
"Glanzel, W","Schubert, A",11
"Glanzel, W","Braun, T",5
"Glanzel, W","Debackere, K",2
"Bueno, A","Fernandez-Cano, A",2
"Delgado Lopez-Cozar, Emilio","Jimenez-Contreras, Evaristo",3
"Delgado Lopez-Cozar, Emilio","Torres-Salinas, Daniel",7
"Delgado Lopez-Cozar, Emilio","Orduna-Malea, Enrique",6
"Delgado Lopez-Cozar, Emilio","Martin-Martin, Alberto",3
"Delgado Lopez-Cozar, Emilio","Robinson-Garcia, Nicolas",4
"Delgado Lopez-Cozar, Emilio","Herrera, Francisco",2
"Delgado Lopez-Cozar, Emilio","Ayllon, Juan M.",3
"Lu, Qin","Li, Wenjie",2
"Li, Yi-Jun","Yu, Guang",3
"Jimenez-Contreras, E","Courtial, JP",2
"Jimenez-Contreras, E","Bailon-Moreno, R",3
"Jimenez-Contreras, E","Ruiz-Banos, R",3
"Pasi, G","Herrera-Viedma, E",2
"Etxebarria, Goio","Gomez-Uranga, Mikel",2
"Dolamic, Ljiljana","Savoy, Jacques",3
"Lozano, George A.","Gingras, Yves",2
"Lozano, George A.","Lariviere, Vincent",2
"Wong, Chan-Yuan","Goh, Kim-Leng",4
"Binns, R","Page-Kennedy, T",2
"Binns, R","Thelwall, M",2
"Fiszman, Marcelo","Rindflesch, Thomas C.",2
"Guilera, Georgina","Barrios, Maite",2
"Guilera, Georgina","Gomez-Benito, Juana",3
"Cram, Lawrence","Docampo, Domingo",2
"Chase, Paul","Argamon, Shlomo",2
"Schraagen, Jan Maarten","Lucassen, Teun",2
"Rousseau, R","Jin, BH",2
"Rousseau, R","Ahlgren, P",3
"Rousseau, R","Fang, Y",2
"Rousseau, R","Wu, YS",2
"Rousseau, R","Rousseau, S",3
"Rousseau, R","Egghe, L",7
"Rousseau, R","Jarneving, B",3
"Tian, Deqiao","Zheng, Tao",2
"Waltman, Ludo","Visser, Martijn S.",6
"Waltman, Ludo","van Eck, Nees Jan",28
"Waltman, Ludo","van Leeuwen, Thed N.",6
"Waltman, Ludo","Wouters, Paul",3
"Waltman, Ludo","Tijssen, Robert J. W.",2
"Waltman, Ludo","Noyons, Ed C. M.",3
"Waltman, Ludo","van Raan, Anthony F. J.",6
"Pellacini, Fabio","Lorigo, Lori",2
"Wagner, Caroline S.","Leydesdorff, Loet",2
"Chen, Jin","Hu, Xiaojun",4
"Chen, Jin","Rousseau, Ronald",4
"Chen, Jin","Wang, Yuandi",2
"Ghosh, Jaideep","Kshitij, Avinash",3
"Vanderelst, Dieter","Speybroeck, Niko",2
"Jamali, Hamid R.","Nicholas, David",2
"Kocher, MG","Sutter, M",2
"Lee, Tsung-Pei","Yan, Bei-Ni",2
"Lee, Tsung-Pei","Lee, Tian-Shyug",2
"Rodriguez-Sanchez, Rosa","Garcia, Jose A.",4
"Rodriguez-Sanchez, Rosa","Torres-Salinas, Daniel",4
"Rodriguez-Sanchez, Rosa","Garcia, J. A.",16
"Rodriguez-Sanchez, Rosa","Robinson-Garcia, Nicolas",3
"Rodriguez-Sanchez, Rosa","Fdez-Valdivia, Joaquin",4
"Rodriguez-Sanchez, Rosa","Fdez-Valdivia, J.",16
"Zhang, Ping","Sun, Heshan",2
"Xie, Shaodong","Ho, Yuh-Shan",2
"Narvaez-Berthelemot, N","Russell, JM",2
"Maye, Isabelle","Gauffriau, Marianne",2
"Maye, Isabelle","Larsen, Peder Olesen",2
"Maye, Isabelle","Roulin-Perriard, Anne",2
"Maye, Isabelle","von Ins, Markus",2
"Noyons, ECM","Buter, RK",2
"Beheshti, J","Large, A",5
"MANORAMA, K","ARUNACHALAM, S",2
"Besagni, Dominique","Hoerlesberger, Marianne",3
"Besagni, Dominique","Roche, Ivana",4
"Besagni, Dominique","Francois, Claire",4
"Besagni, Dominique","Schiebel, Edgar",4
"Hong, Song","Liu, Xingjian",2
"Hong, Song","Niu, Beibei",2
"Ortuno, Ignacio","Crespo, Juan A.",2
"Ortuno, Ignacio","Albarran, Pedro",6
"Ortuno, Ignacio","Ruiz-Castillo, Javier",6
"Huang, Yu","Fu, Kun",2
"Huang, Yu","Huang, Tinglei",2
"Ribeiro-Neto, Berthier","Goncalves, Marcos Andre",2
"Gomez, YJ","Gomez, J",2
"Bhowmick, Sourav S.","Sun, Aixin",2
"Lucas, W","Topi, H",2
"FRANKFORT, JG","MOED, HF",2
"FRANKFORT, JG","VANRAAN, AFJ",2
"Ovalle-Perandones, Maria-Antonia","Gorraiz, Juan",2
"Ovalle-Perandones, Maria-Antonia","Gumpenberger, Christian",2
"Price, L","Thelwall, M",3
"Zych, Izabela","Buela-Casal, Gualberto",2
"Pan, Xuelian","Yan, Erjia",2
"Pan, Xuelian","Hua, Weina",2
"Wu, Yishan","Yuan, Junpeng",2
"Wu, Yishan","Pan, Yuntao",2
"Chen, HM","Cooper, MD",3
"Maisano, Domenico","Galetto, Maurizio",3
"Maisano, Domenico","Franceschini, Fiorenzo",22
"Kenekayoro, Patrick","Buckley, Kevan",2
"Kenekayoro, Patrick","Thelwall, Mike",2
"Zahedi, Zohreh","Wouters, Paul",2
"Zahedi, Zohreh","Costas, Rodrigo",2
"Stefaner, Moritz","Bornmann, Lutz",2
"Stefaner, Moritz","Mutz, Ruediger",2
"Stefaner, Moritz","de Moya Anegon, Felix",2
"Herrera-Viedma, E.","Alonso, S.",3
"Herrera-Viedma, E.","Cabrerizo, F. J.",3
"Herrera-Viedma, E.","Herrera, F.",7
"Herrera-Viedma, E.","Herrera, M.",2
"Herrera-Viedma, E.","Cobo, M. J.",3
"Herrera-Viedma, E.","Lopez-Herrera, A. G.",4
"Zhang, Guijie","Feng, Yuqiang",2
"Zhang, Guijie","Li, Yongli",2
"Van Looy, Bart","Cassiman, Bruno",2
"Van Looy, Bart","Magerman, Tom",2
"Van Looy, Bart","Debackere, Koenraad",2
"Van Looy, Bart","Callaert, Julie",3
"Garcia, J. A.","Torres-Salinas, Daniel",4
"Garcia, J. A.","Robinson-Garcia, Nicolas",3
"Garcia, J. A.","Fdez-Valdivia, J.",16
"Chen, Yifeng","Sui, Xiaoyun",2
"Kumar, V","Kalyane, VL",3
"Kumar, V","Kademani, BS",2
"Gupta, BM","Sharma, P",2
"Gupta, BM","Kumar, S",7
"Gupta, BM","Garg, KC",2
"Gupta, BM","Karisiddappa, CR",8
"Moss, N","Ford, N",4
"Oppenheim, C","Ahmed, T",2
"Oppenheim, C","Peck, C",2
"Lagoze, Carl","Velden, Theresa",2
"Panda, Krushna Chandra","Sahu, Satya Ranjan",2
"FERNANDEZ, MT","GOMEZ, I",2
"Vicedo, Jose L.","Gomez, Jaime",2
"Pinto, David","Singh, Vivek Kumar",2
"Pluye, Pierre","Repchinsky, Carol",2
"Pluye, Pierre","Grad, Roland",3
"Pluye, Pierre","Bartlett, Gillian",2
"Pluye, Pierre","Johnson-Lafleur, Janique",2
"Pluye, Pierre","Granikov, Vera",2
"MARTIN, BR","IRVINE, J",5
"Choi, Sungchul","Kim, Kwangsoo",2
"Choi, Sungchul","Yoon, Janghyeok",2
"Brooks, Travis C.","Gentil-Beccot, Anne",2
"Brooks, Travis C.","Mele, Salvatore",2
"Thor, Andreas","Bornmann, Lutz",2
"Debackere, K","Zimmermann, E",2
"Debackere, K","Veugelers, R",2
"Debackere, K","Verbeek, A",4
"Debackere, K","Van Looy, B",2
"DAVIS, CH","EISEMON, TO",2
"Cerinsek, Monika","Batagelj, Vladimir",2
"Landry, Rejean","Halilem, Norrin",2
"Liu, Zeyuan","Hu, Zhigang",2
"Liu, Zeyuan","Hou, Haiyan",2
"Liu, Zeyuan","Chen, Chaomei",3
"Om, K","Lee, M",2
"Om, K","Koh, J",2
"Bergstrom, Theodore","Bergstrom, Carl T.",3
"Kwong, Chung-Ping","Li, Dandan",2
"Huang, Shuiqing","Yan, Sulan",2
"Huang, Shuiqing","Rousseau, Ronald",2
"Larranaga, Pedro","Ibanez, Alfonso",3
"Larranaga, Pedro","Bielza, Concha",3
"Lariviere, Vincent","Arsenault, Clement",2
"Lariviere, Vincent","Lachance, Christian",2
"Lariviere, Vincent","Paul-Hus, Adele",2
"Lariviere, Vincent","Cronin, Blaise",3
"Lariviere, Vincent","Gingras, Yves",18
"Lariviere, Vincent","Milojevic, Stasa",3
"Lariviere, Vincent","Bowman, Timothy D.",2
"Lariviere, Vincent","Sugimoto, Cassidy R.",9
"Lariviere, Vincent","Vignola-Gagne, Etienne",3
"Lariviere, Vincent","Bouabid, Hamid",2
"Lariviere, Vincent","Thelwall, Mike",4
"Lariviere, Vincent","Macaluso, Benoit",2
"Lariviere, Vincent","Tsou, Andrew",2
"Lariviere, Vincent","Ni, Chaoqun",3
"Lariviere, Vincent","Archambault, Eric",9
"Fan, Weiguo","Yan, Xiangbin",2
"Haddawy, Peter","Hassan, Saeed-Ul",5
"Jimenez-Saez, Fernando","Castro-Martinez, Elena",2
"Hu, Xiaojun","Rousseau, Ronald",7
"Zsindely, Sandor","Braun, Tibor",3
"Zsindely, Sandor","Zador, Erika",3
"SENGUPTA, IN","KUMARI, L",2
"Fonseca, L","Velloso, S",2
"Fonseca, L","Wofchuk, S",2
"Garzon-Garcia, Belen","Rey-Rocha, Jesus",3
"Ho, YS","Chiu, WT",4
"Huber, JC","Wagner-Dobler, R",2
"Strotmann, Andreas","Zhao, Dangzhi",11
"Ginsparg, Paul","Haque, Asif-ul",2
"Jiang, Shan","Chen, Hsinchun",2
"Jiang, Shan","Roco, Mihail C.",2
"Milojevic, Stasa","Sugimoto, Cassidy R.",4
"Milojevic, Stasa","Leydesdorff, Loet",2
"Milojevic, Stasa","Thelwall, Mike",2
"Milojevic, Stasa","Ding, Ying",5
"Milojevic, Stasa","Yan, Erjia",4
"Smyth, Russell","Mishra, Vinod",2
"Olle, Candela","Barrios, Maite",2
"Olle, Candela","Borrego, Angel",2
"Chen, Yantai","Pan, Xiongfeng",2
"Chen, Yantai","Wang, Yuandi",2
"Kim, Byunghoon","Jeong, Myong K.",2
"Kim, Byunghoon","Lee, Jae-Min",2
"Toms, Elaine G.","O'Brien, Heather L.",2
"Anders, Jane H. S.","Hussain, Azhar",2
"Anders, Jane H. S.","Hubbard, Bill",2
"Ma, Feicheng","Liu, Xiang",2
"Lercher, Aaron","Smolinsky, Lawrence",2
"Meyer, Martin","Rafols, Ismael",2
"Meyer, Martin","Leydesdorff, Loet",2
"Martic, Milan","Jeremic, Veljko",2
"Laender, AHF","Ribeiro-Neto, B",2
"Liu, Fenglian","Peng, Yuling",2
"Sharma, Nikhil","Butler, Brian S.",2
"Murray, SS","Eichhorn, G",2
"Murray, SS","Demleitner, M",2
"Murray, SS","Grant, C",2
"Murray, SS","Accomazzi, A",2
"Murray, SS","Kurtz, MJ",2
"Zhang, Yulei","Chen, Hsinchun",2
"Hua, Weina","Li, Yu",2
"Hua, Weina","Yan, Erjia",2
"Hua, Weina","Yuan, Shunbo",2
"Aguillo, Isidro","Lepori, Benedetto",2
"Aguillo, Isidro","Barberio, Vitaliano",2
"Meyer, M.","Glanzel, W.",2
"Guerrero-Bote, Vicente P.","Moya-Anegon, Felix",7
"Guerrero-Bote, Vicente P.","Lancho-Barrantes, Barbara S.",2
"Guerrero-Bote, Vicente P.","Leydesdorff, Loet",2
"Guerrero-Bote, Vicente P.","de Moya-Anegon, Felix",4
"Guerrero-Bote, Vicente P.","Gomez-Crisostomo, Rocio",2
"DEBRUIN, RE","NEDERHOF, AJ",2
"DEBRUIN, RE","MOED, HF",3
"Detlor, Brian","Booker, Lorne D.",2
"Detlor, Brian","Serenko, Alexander",3
"Detlor, Brian","Julien, Heidi",2
"Torgler, Benno","Chan, Ho Fai",6
"Valderrama, JC","Aleixandre, R",2
"Koppel, Moshe","Akiva, Navot",2
"Koppel, Moshe","Winter, Yaron",2
"Wormell, I","Ingwersen, P",2
"Jarvelin, Kalervo","Keskustalo, Heikki",2
"Jarvelin, Kalervo","Persson, Olle",2
"Petrelli, D","Beaulieu, M",2
"Petrelli, D","Sanderson, M",2
"TELCS, A","SCHUBERT, A",2
"Cheang, Brenda","Lim, Andrew",3
"Cheang, Brenda","Li, Chongshou",3
"Cheang, Brenda","Chu, Samuel Kai Wah",2
"Garcia-Zorita, Carlos","Sanz-Casado, Elias",3
"Awazu, Y","Desouza, KC",3
"Guerrero-Bote, VP","Faba-Perez, C",2
"Amancio, Diego R.","Oliveira, Osvaldo N., Jr.",2
"Chen, Ching-Yi","Wu, Ling-Ling",2
"Fdez-Valdivia, Joaquin","Garcia, Jose A.",4
"Martelli-Junior, Hercilio","Simoes e Silva, Ana Cristina",2
"Zhang, Xu","Chen, Dar-zen",3
"Zhang, Xu","Zhao, Yun-Hua",6
"Zhang, Xu","Zheng, Jia",5
"Zhang, Xu","Zhao, Zhi-yun",2
"Zhang, Xu","Chen, Dar-Zen",6
"Zhang, Xu","Huang, Mu-hsuan",3
"Zhang, Xu","Lei, Xiao-Ping",3
"Zhang, Xu","Fu, Jun-Ying",3
"Abbasi, Alireza","Altmann, Joern",2
"Abbasi, Alireza","Uddin, Shahadat",2
"Abbasi, Alireza","Hossain, Liaquat",4
"Zitt, Michel","Lelu, Alain",2
"Zitt, Michel","Bassecoulard, Elise",3
"Zhong, Yongfeng","Zhou, Ping",2
"Sanz-Casado, Elias","Eleazar Serrano-Lopez, Antonio",2
"Sanz-Casado, Elias","Carlos Garcia-Zorita, J.",2
"Sanz-Casado, Elias","Ingwersen, Peter",2
"Sanz-Casado, Elias","Suarez-Balseiro, Carlos",2
"COURTIAL, JP","JAGODZINSKISIGOGNEAU, M",2
"COURTIAL, JP","BAUIN, S",3
"COURTIAL, JP","LAVILLE, F",2
"Vieira, Elizabeth S.","Gomes, Jose A. N. F.",5
"Gomez, I","Morillo, F",3
"Gomez, I","Fernandez, MT",6
"Gomez, I","Mendez, A",2
"Bhattacharya, S","Meyer, M",3
"Xu, Kan","Ding, Kun",2
"Xu, Kan","Sun, Xiaoling",2
"Wu, Ling-Ling","Chen, Pin-Yuen",2
"Buente, Wayne","Robbin, Alice",2
"Jeong, Myong K.","Lee, Jae-Min",2
"Bezerra, Fabio","Wainer, Jacques",2
"Sun, Aixin","Cong, Gao",2
"Kelly, Diane","Wacholder, Nina",2
"Kelly, Diane","Rittman, Robert",2
"Kelly, Diane","Strzalkowski, Tomek",2
"Kelly, Diane","Sun, Ying",2
"Kelly, Diane","Small, Sharon",2
"Polanco, X","Francois, C",3
"Schui, Gabriel","Krampen, Guenter",2
"Ribeiro, Leonardo Costa","Bernardes, Americo Tristao",2
"Mallik, Ajoy","Mandal, Nripendranath",2
"Waast, R","Arvanitis, R",2
"Waast, R","Gaillard, J",2
"Thelwall, Mike","Levitt, Jonathan M.",7
"Thelwall, Mike","Prabowo, Rudy",4
"Thelwall, Mike","Bar-Ilan, Judit",2
"Thelwall, Mike","Maflahi, Nabeil",3
"Thelwall, Mike","Rezaie, Somayeh",3
"Thelwall, Mike","Fairclough, Ruth",6
"Thelwall, Mike","Didegah, Fereshteh",4
"Thelwall, Mike","Holmberg, Kim",2
"Thelwall, Mike","Kousha, Kayvan",18
"Thelwall, Mike","Shema, Hadas",2
"Thelwall, Mike","Sugimoto, Cassidy R.",4
"Thelwall, Mike","Stuart, David",2
"Thelwall, Mike","Sud, Pardeep",9
"Thelwall, Mike","Wilson, Paul",4
"Thelwall, Mike","Abrizah, A.",2
"Thelwall, Mike","Paltoglou, Georgios",3
"Thelwall, Mike","Mohammadi, Ehsan",4
"Thelwall, Mike","Li, Xuemei",2
"Thelwall, Mike","Buckley, Kevan",6
"Soma, Nei Yoshihiro","Yanasse, Horacio Hideki",2
"Soma, Nei Yoshihiro","Alves, Alexandre Donizeti",2
"Lopez-Navarro, Irene","Rey-Rocha, Jesus",3
"Herrero-Solana, Victor","Corera-Alvarez, Elena",2
"Herrero-Solana, Victor","Vargas-Quesada, Benjamin",2
"Herrero-Solana, Victor","Moya-Anegon, Felix",2
"Bielza, Concha","Ibanez, Alfonso",3
"Guastavino, Catherine","Tirilly, Pierre",2
"Guastavino, Catherine","Julien, Charles-Antoine",2
"Torres-Salinas, Daniel","Robinson-Garcia, Nicolas",8
"Torres-Salinas, Daniel","Jimenez-Contreras, Evaristo",4
"Torres-Salinas, Daniel","Fdez-Valdivia, J.",4
"Torres-Salinas, Daniel","Herrera, Francisco",4
"Kumar, N","Rai, LP",2
"Butler, L","Bourke, P",2
"Ivanova, Inga A.","Leydesdorff, Loet",2
"Page-Kennedy, T","Thelwall, M",2
"Sandstrom, Ulf","van den Besselaar, Peter",2
"Gonzalez, Lidia","Miguel Campanario, Juan",2
"Wilson, CS","Hood, WW",8
"Wilson, CS","Osareh, F",2
"Wilson, CS","Davis, M",3
"Wilson, CS","Markusova, VA",2
"Julien, Heidi","Serenko, Alexander",2
"Velloso, S","Wofchuk, S",2
"Albert, Armando","Plaza, Luis M.",2
"Ding, Ying","Tang, Jie",5
"Ding, Ying","He, Bing",5
"Ding, Ying","Qin, Zheng",2
"Ding, Ying","Cronin, Blaise",2
"Ding, Ying","Sugimoto, Cassidy R.",4
"Ding, Ying","Dong, Tianxi",2
"Ding, Ying","Ni, Chaoqun",3
"Ding, Ying","Jacob, Elin K.",3
"Ding, Ying","Chambers, Tamy",4
"Ding, Ying","Li, Daifeng",5
"Ding, Ying","Yan, Erjia",15
"Ding, Ying","Shuai, Xin",2
"Wieland, Martin","Gorraiz, Juan",3
"Wieland, Martin","Gumpenberger, Christian",3
"Arreto, Charles-Daniel","Wilson, Concepcion S.",2
"Arreto, Charles-Daniel","Gaudy, Jean-Francois",2
"Kim, Meen Chul","Chen, Chaomei",2
"Colliander, Cristian","Ahlgren, Per",4
"Dore, JC","Okubo, Y",2
"Dore, JC","Ojasoo, T",5
"Dore, JC","Miquel, JF",3
"Hu, Guangyuan","Gu, Mengdi",2
"Hu, Guangyuan","Liu, Weishu",3
"Hu, Guangyuan","Tang, Li",5
"Hu, Guangyuan","Wang, Yuandi",2
"Crespo, Juan A.","Albarran, Pedro",2
"Crespo, Juan A.","Ruiz-Castillo, Javier",3
"Milanez, Douglas Henrique","Lopes de Faria, Leandro Innocentini",2
"Yue, Ting","Rousseau, Ronald",2
"Yue, Ting","Yang, Liying",2
"Meyer, M","Utecht, JT",2
"Wang, JX","Guan, JC",2
"Shiau, Wen-Lung","Dwivedi, Yogesh K.",2
"Miguel Campanario, Juan","Molina, Antonio",2
"Roco, Mihail C.","Chen, Hsinchun",2
"Strbac, Dijana","Babic, Dragan",2
"Strbac, Dijana","Zivkovic, Lazar",2
"Ziviani, Nivio","Laender, Alberto H. F.",2
"Ziviani, Nivio","Goncalves, Marcos Andre",2
"Piro, Fredrik Niclas","Rorstad, Kristoffer",2
"Piro, Fredrik Niclas","Aksnes, Dag W.",2
"Mauleon, Elba","Bordons, Maria",2
"NARIN, F","CARPENTER, MP",3
"Fiala, Dalibor","Jezek, Karel",2
"Kaza, Siddharth","Chen, Hsinchun",3
"Silva, Thiago H. P.","Moro, Mirella M.",2
"Amaral, LAN","Matia, K",2
"Galvez, Carmen","Moya-Anegon, Felix",3
"Boonradsamee, B.","Sombatsompop, N.",2
"Boonradsamee, B.","Markpin, T.",2
"Boonradsamee, B.","Premkamolnetr, N.",2
"Boonradsamee, B.","Ratchatahirun, P.",2
"de Moura, Edleno S.","Cortez, Eli",2
"de Moura, Edleno S.","Goncalves, Marcos Andre",2
"de Moura, Edleno S.","da Silva, Altigran S.",5
"Makri, Stephann","Warwick, Claire",2
"Yanasse, Horacio Hideki","Alves, Alexandre Donizeti",2
"Gonzalez-Albo, Borja","Morillo, Fernanda",2
"Gonzalez-Albo, Borja","Diaz-Faes, Adrian A.",2
"Gonzalez-Albo, Borja","Bordons, Maria",3
"Gonzalez-Albo, Borja","Aparicio, Javier",3
"Egghe, Leo","Guns, Raf",4
"Egghe, Leo","Rousseau, Ronald",9
"Egghe, Leo","Liang, Liming",2
"Pera, Maria Soledad","Ng, Yiu-Kai",3
"Malo, Pekka","Wallenius, Jyrki",2
"Malo, Pekka","Korhonen, Pekka",2
"Zhao, Yun-Hua","Zheng, Jia",2
"Zhao, Yun-Hua","Zhang, Jing",2
"Zhao, Yun-Hua","Chen, Dar-Zen",7
"Zhao, Yun-Hua","Lei, Xiao-Ping",3
"Zhao, Yun-Hua","Fu, Jun-Ying",3
"Opthof, Tobias","Leydesdorff, Loet",7
"Johnson-Lafleur, Janique","Grad, Roland",2
"Johnson-Lafleur, Janique","Bartlett, Gillian",2
"Johnson-Lafleur, Janique","Granikov, Vera",2
"Akter, Shahriar","D'Ambra, John",2
"Dorta-Gonzalez, M. I.","Dorta-Gonzalez, P.",2
"Laget, Patrice","Mattsson, Pauline",2
"MORAVCSIK, MJ","BLICKENSTAFF, J",2
"Shin, Dongwook","Rindflesch, Thomas C.",2
"Haunschild, Robin","Bornmann, Lutz",6
"Gaillard, J","Arvanitis, R",2
"Kretschmer, Hildrun","Kretschmer, Theo",8
"Kretschmer, Hildrun","Beaver, Donald deB.",3
"Kretschmer, Hildrun","Ozel, Bulent",3
"Singhal, Khushboo","Banshal, Sumit Kumar",2
"Singhal, Khushboo","Singh, Vivek Kumar",2
"Winnink, J. J.","Tijssen, Robert J. W.",2
"Sotudeh, Hajar","Khoshian, Nahid",2
"Sotudeh, Hajar","Horri, Abbas",4
"Shukui, Tan","Zaman, Khalid",2
"Shukui, Tan","Akhmat, Ghulam",2
"Schubert, Andras","Braun, Tibor",3
"Schubert, Andras","Telcs, Andras",2
"Schubert, Andras","Glanzel, Wolfgang",5
"Schubert, Andras","Debackere, Koenraad",2
"Schubert, Andras","Glaenzel, Wolfgang",3
"Wang, Hengjun","Wang, Shuhua",2
"Wang, Hengjun","Weldon, Paul R.",2
"Lopez-Illescas, Carmen","de Moya-Anegon, Felix",4
"Franceschini, Fiorenzo","Galetto, Maurizio",3
"Carbo, Toni","Smith, Martha M.",2
"Ozel, Bulent","Kretschmer, Theo",3
"Ozel, Bulent","Beaver, Donald deB.",2
"Ingwersen, Peter","Eleazar Serrano-Lopez, Antonio",2
"Ingwersen, Peter","Carlos Garcia-Zorita, J.",2
"Kim, Won","Wilbur, W. John",2
"Kim, Won","Comeau, Donald C.",2
"Kim, Won","Yeganova, Lana",2
"Lu, Kun","Ajiferuke, Isola",3
"Lu, Kun","Wolfram, Dietmar",5
"Ma, Ruimin","Qiu, Junping",2
"Ma, Ruimin","Ni, Chaoqun",2
"Chen, Dar-zen","Huang, Mu-hsuan",4
"Chen, Dar-zen","Zheng, Jia",3
"Chen, Dar-zen","Zhao, Zhi-yun",2
"Martinez-Camara, Eugenio","Teresa Martin-Valdivia, M.",2
"Martinez-Camara, Eugenio","Alfonso Urena-Lopez, L.",2
"Jensen, Pablo","Grauwin, Sebastian",2
"Jensen, Pablo","Rouquier, Jean-Baptiste",2
"Di Iorio, Angelo","Peroni, Silvio",2
"Casilli, C","Ugolini, D",2
"Zhu, Donghua","Wang, Xuefeng",2
"Costantini, Antonio","Franceschet, Massimo",2
"Luk, R. W. P.","Ho, K. S.",2
"Luk, R. W. P.","Lee, D. L.",2
"Luk, R. W. P.","Dang, E. K. F.",2
"Koshman, Sherry","Jansen, Bernard J.",3
"Koshman, Sherry","Spink, Amanda",3
"Saracevic, T","Wolfram, D",2
"Saracevic, T","Spink, A",2
"Julien, Charles-Antoine","Tirilly, Pierre",2
"Wallace, Matthew L.","Gingras, Yves",3
"Wu, H","Fan, WG",2
"Baccini, Alberto","Barabesi, Lucio",2
"Mryglod, O.","Berche, B.",5
"Mryglod, O.","Kenna, R.",5
"Mryglod, O.","Holovatch, Yu.",5
"Gu, Mengdi","Liu, Weishu",2
"Gu, Mengdi","Tang, Li",2
"Abu Ujum, Ephrance","Ratnavelu, Kuru",2
"Carlos Garcia-Zorita, J.","Eleazar Serrano-Lopez, Antonio",2
"Kozak, Marcin","Hartley, James",4
"Spink, Amanda","Jansen, Bernard J.",6
"Klavans, R","Boyack, KW",2
"Li, MJ","Zhang, HJ",2
"Li, MJ","Liu, WY",2
"Li, MJ","Zheng, C",2
"Upham, S. Phineas","Ungar, Lyle H.",2
"Benavent-Perez, Maria","de Moya-Anegon, Felix",2
"Zimmermann, E","Verbeek, A",2
"Fu, Bin","Chen, Zhixiang",2
"Tenopir, Carol","Allard, Suzie",2
"De Marchi, Mario","Rocchi, Maurizio",2
"Henkens, K","van Dalen, HP",2
"Manning, James E.","Sonnenwald, Diane H.",2
"Manning, James E.","Welch, Greg",2
"Manning, James E.","Soderholm, Hanna M.",2
"Manning, James E.","Fuchs, Henry",2
"Manning, James E.","Cairns, Bruce",2
"Vignola-Gagne, Etienne","Gingras, Yves",3
"Vignola-Gagne, Etienne","Archambault, Eric",2
"Yuan, Chien-Chung","Chang, Ke-Chiun",2
"Yuan, Chien-Chung","Zhang, Sifei",2
"Kalyane, VL","Kademani, BS",3
"Corera-Alvarez, Elena","Vargas-Quesada, Benjamin",2
"Corera-Alvarez, Elena","de Moya-Anegon, Felix",2
"Koh, J","Lee, M",2
"Xiao, Lu","Chen, Guo",2
"Tang, Li","Shapira, Philip",4
"Tang, Li","Liu, Weishu",3
"Tang, Li","Wang, Yuandi",2
"Yoon, Janghyeok","Park, Hyunseok",5
"Yoon, Janghyeok","Kim, Kwangsoo",7
"Li, Wenyuze","Qiao, Lili",2
"Meireles, Manuel","De Sordi, Jose Osvaldo",2
"Liu, John S.","Lu, Louis Y. Y.",5
"Liu, John S.","Ho, Mei Hsiu-Ching",4
"Morillo, Fernanda","Bordons, Maria",2
"Morillo, Fernanda","Aparicio, Javier",2
"Banshal, Sumit Kumar","Singh, Vivek Kumar",2
"Borner, K","Boyack, KW",2
"Nykl, Michal","Jezek, Karel",2
"Wu, YS","Ma, Z",2
"Wu, YS","Wang, Y",2
"Wu, YS","Pan, YT",2
"Mutz, Ruediger","Daniel, Hans-Dieter",14
"Mutz, Ruediger","Bornmann, Lutz",21
"Mutz, Ruediger","Leydesdorff, Loet",2
"Mutz, Ruediger","de Moya Anegon, Felix",3
"Suzuki, Jun","Tamada, Schumpeter",2
"Suzuki, Jun","Gemba, Kiminori",2
"Shirabe, M","Tomizawa, H",2
"Xie, Xiang","Su, Jun",2
"Xie, Xiang","Huang, Cui",2
"Christensen, FH","Ingwersen, P",2
"Jacques, R","Leta, J",2
"Jacques, R","Figueira, I",2
"Sahib, Nuzhah Gooda","Stockman, Tony",3
"Li, Gang","Li, Chun-Ya",2
"Tsakonas, Giannis","Papatheodorou, Christos",2
"Dang, E. K. F.","Ho, K. S.",2
"Dang, E. K. F.","Lee, D. L.",2
"Fang, Shu","Chen, Yunwei",2
"Bruckner, E","Bonitz, M",2
"Laakso, Mikael","Bjork, Bo-Christer",3
"Scholer, Falk","Wu, Mingfang",2
"Scholer, Falk","Turpin, Andrew",3
"Osca-Lluch, Julia","Velasco, Elena",2
"Harries, G","Thelwall, M",3
"Diesner, Jana","Kim, Jinseok",5
"Liu, Chen","Mao, Wenli",3
"Liu, Chen","Wang, Xianwen",3
"BEAVER, DD","ROSEN, R",2
"Lee, Pei-Chun","Su, Hsin-Ning",4
"Davison, Robert M.","Ou, Carol X. J.",2
"Burnett, Gary","Hinnant, Charles C.",2
"Burnett, Gary","Kazmer, Michelle M.",3
"Burnett, Gary","Burnett, Kathleen",2
"Burnett, Gary","Stvilia, Besiki",2
"Burnett, Gary","Worrall, Adam",2
"Sombatsompop, N.","Buranathiti, T.",2
"Sombatsompop, N.","Markpin, T.",4
"Sombatsompop, N.","Premkamolnetr, N.",4
"Sombatsompop, N.","Ratchatahirun, P.",4
"Lalmas, Mounia","Arapakis, Ioannis",2
"Li, XM","Musgrove, P",3
"Li, XM","Thelwall, M",3
"Wagner-Dobler, R","Havemann, F",3
"Wagner-Dobler, R","Heinz, M",3
"Rogers, WJ","Rindflesch, TC",2
"Rogers, WJ","Humphrey, SM",2
"Rogers, WJ","Kilicoglu, H",2
"Ye, Zheng","He, Ben",2
"Ye, Zheng","Huang, Jimmy Xiangji",3
"Cole, Charles","Large, Andrew",4
"Cole, Charles","Abuhimed, Dhary",3
"Cole, Charles","Beheshti, Jamshid",5
"Cole, Charles","Lamoureux, Isabelle",3
"Orduna-Malea, Enrique","Ontalba-Ruiperez, Jose-Antonio",3
"Orduna-Malea, Enrique","Martin-Martin, Alberto",3
"Orduna-Malea, Enrique","Ayllon, Juan M.",3
"Resnick, ML","Vaughan, MW",2
"Badar, Kamal","Hite, Julie M.",2
"Akhmat, Ghulam","Zaman, Khalid",2
"Bassecoulard, Elise","Lelu, Alain",2
"BRAUN, T","MACZELKA, H",3
"BRAUN, T","GLANZEL, W",22
"BRAUN, T","ZSINDELY, S",6
"BRAUN, T","GRUPP, H",2
"BRAUN, T","SCHUBERT, A",32
"Wang, Chun-Chieh","Chen, Dar-Zen",3
"Wang, Chun-Chieh","Sung, Hui-Yun",4
"Keshtkar, Abbas Ali","Kabiri, Payam",2
"Foss, Elizabeth","Golub, Evan",2
"Foss, Elizabeth","Druin, Allison",2
"Foss, Elizabeth","Hutchinson, Hilary",2
"Kronegger, Luka","Mali, Franc",3
"Kronegger, Luka","Doreian, Patrick",3
"Kronegger, Luka","Ferligoj, Anuska",5
"Jarneving, B","Ahlgren, P",3
"Yuan, Xiaojun","Belkin, Nicholas J.",2
"Shirakawa, Nobuyuki","Furukawa, Takao",3
"Kenna, R.","Berche, B.",6
"Kenna, R.","Holovatch, Yu.",4
"Zhang, Jing","Chen, Dar-Zen",2
"Neveol, Aurelie","Darmoni, Stefan J.",2
"Burnett, Kathleen","Hinnant, Charles C.",2
"Burnett, Kathleen","Stvilia, Besiki",2
"Burnett, Kathleen","Worrall, Adam",2
"Burnett, Kathleen","Kazmer, Michelle M.",2
"Bornmann, Lutz","Schier, Hermann",5
"Bornmann, Lutz","Zhou, Ping",2
"Bornmann, Lutz","Leydesdorff, Loet",29
"Bornmann, Lutz","Daniel, Hans-Dieter",31
"Bornmann, Lutz","Bauer, Johann",3
"Bornmann, Lutz","de Moya Anegon, Felix",6
"Li-Ying, Jason","Wang, Yuandi",2
"Chu, Samuel Kai Wah","Lim, Andrew",2
"Chu, Samuel Kai Wah","Li, Chongshou",2
"Perruchas, Francois","Azagra-Caro, Joaquin M.",2
"Perruchas, Francois","Mattsson, Pauline",2
"Demleitner, M","Eichhorn, G",2
"Demleitner, M","Grant, C",2
"Demleitner, M","Accomazzi, A",2
"Demleitner, M","Kurtz, MJ",2
"Chen, HC","Chau, M",3
"Chen, HC","Chung, WY",3
"Chen, HC","Huang, Z",3
"SARETZKI, T","MARTENS, B",2
"Wilson, TD","Foster, A",6
"Wilson, TD","Spink, A",6
"Wilson, TD","Ellis, D",6
"Wilson, TD","Ford, N",6
"Rittman, Robert","Strzalkowski, Tomek",3
"Rittman, Robert","Wacholder, Nina",3
"Rittman, Robert","Bai, Bing",2
"Rittman, Robert","Sun, Ying",3
"Rittman, Robert","Small, Sharon",2
"Huang, Wei-Tzu","Chen, Dar-Zen",2
"Neuhaus, Christoph","Daniel, Hans-Dieter",4
"Yang, Lie","Wang, Jia",3
"Yang, Lie","Liu, Ting",2
"Camacho, J.","Martinez, H.",2
"Camacho, J.","Jaime, A.",2
"Hsu, Jiann-wien","Huang, Ding-wei",2
"Russell, Terrell G.","Sugimoto, Cassidy R.",2
"Balog, Krisztian","de Rijke, Maarten",2
"Balog, Krisztian","Bogers, Toine",2
"Diospatonyi, I","Braun, T",2
"Lee, Ling-Chu","Lee, Yi-Yang",2
"Smalheiser, NR","Swanson, DR",2
"Cordon, Oscar","Vargas-Quesada, Benjamin",2
"Cordon, Oscar","Quirin, Arnaud",2
"Jurado-Alameda, E","Courtial, JP",3
"Jurado-Alameda, E","Bailon-Moreno, R",4
"Jurado-Alameda, E","Ruiz-Banos, R",3
"Hoerlesberger, Marianne","Roche, Ivana",3
"Hoerlesberger, Marianne","Francois, Claire",3
"Hoerlesberger, Marianne","Schiebel, Edgar",3
"Peritz, Bluma C.","Bar-Ilan, Judit",2
"Ding, Kun","Liu, Shengbo",2
"Ding, Kun","Wang, Bo",2
"Lin, Chang-Pin","Chen, Dar-Zen",3
"Arora, Sanjay K.","Youtie, Jan",2
"Arora, Sanjay K.","Shapira, Philip",2
"Hanney, Steve","Jones, Teresa H.",2
"Chen, P.","Redner, S.",2
"Janssens, Frizo","Liu, Xinhai",2
"Janssens, Frizo","Liang, Liming",2
"Janssens, Frizo","Debackere, Koenraad",2
"Janssens, Frizo","Glanzel, Wolfgang",4
"Janssens, Frizo","Rodriguez, Victor",2
"Liu, Ting","Wang, Jia",2
"Robinson-Garcia, Nicolas","Jimenez-Contreras, Evaristo",2
"Robinson-Garcia, Nicolas","Fdez-Valdivia, J.",3
"Robinson-Garcia, Nicolas","Herrera, Francisco",2
"Li, Daifeng","Qin, Zheng",2
"Li, Daifeng","Dong, Tianxi",2
"Li, Daifeng","Tang, Jie",4
"Li, Daifeng","He, Bing",2
"Li, Daifeng","Shuai, Xin",2
"Bojovic, Srdan","Matic, Rada",2
"Bojovic, Srdan","Vidakovic, Vera",2
"Bojovic, Srdan","Stefanovic, Milena",2
"Bojovic, Srdan","Smiljanic, Miroslava",2
"Chung, WY","Huang, Z",2
"Hauser, Karina","Sugimoto, Cassidy R.",2
"Hauser, Karina","Pratt, Jean A.",2
"Roulin-Perriard, Anne","Gauffriau, Marianne",2
"Roulin-Perriard, Anne","Larsen, Peder Olesen",2
"Roulin-Perriard, Anne","von Ins, Markus",2
"Matsushima, Katsumori","Shibata, Naoki",2
"Matsushima, Katsumori","Kajikawa, Yuya",3
"Bontis, Nick","Serenko, Alexander",3
"Allen, David","Karanasios, Stan",2
"Erdi, Peter","Tobochnik, Jan",2
"Kumar, Vijai","Sagar, Anil",2
"Kumar, Vijai","Kademani, B. S.",2
"Kumar, Vijai","Kumar, Anil",2
"Akritidis, Leonidas","Katsaros, Dimitrios",2
"Carroll, John M.","Rosson, Mary Beth",2
"He, Bing","Qin, Zheng",2
"He, Bing","Dong, Tianxi",2
"He, Bing","Tang, Jie",3
"He, Bing","Yan, Erjia",2
"Yasukawa, Satoshi","Kano, Shingo",2
"Manolopoulos, Yannis","Katsaros, Dimitrios",2
"Manolopoulos, Yannis","Sidiropoulos, Antonis",2
"Wang, Dongbo","Zhu, Danhao",3
"Wang, Dongbo","Su, Xinning",2
"Hussain, Azhar","Hubbard, Bill",2
"Glaenzel, Wolfgang","Debackere, Koenraad",3
"Hong, Yi","Zhang, Jin",2
"Michels, Carolin","Schmoch, Ulrich",2
"Vanhaverbeke, Wim","Wang, Yuandi",2
"Kim, Hee Dae","Seo, Il Won",2
"Kim, Hee Dae","Lee, Duk Hee",2
"Ma, N","Guan, JC",2
"Pinto, Maria","Isabel Escalona, M.",2
"Pinto, Maria","Pulgarin, Antonio",3
"Pinto, Maria","Doucet, Anne-Vinciane",3
"WHITTAKER, J","LAW, J",2
"Lau, Clifford G. Y.","Kostoff, Ronald N.",2
"Guo, Hanning","Boerner, Katy",2
"Aksnes, Dag W.","Rorstad, Kristoffer",4
"Aksnes, Dag W.","Sivertsen, Gunnar",2
"VANRAAN, AFJ","NEDERHOF, AJ",4
"VANRAAN, AFJ","PETERS, HPF",3
"VANRAAN, AFJ","MOED, HF",4
"Pratt, Jean A.","Sugimoto, Cassidy R.",2
"Weldon, Paul R.","Wang, Shuhua",2
"Davis, Mari","Wilson, Concepcion S.",2
"Davis, Mari","Yu, Hairong",2
"Saeed-Ul Hassan","Zhu, Jia",2
"Yan, Yan","Zhang, Jingjing",2
"Buchanan, George","Rimmer, Jon",2
"Buchanan, George","Warwick, Claire",2
"Buchanan, George","Gow, Jeremy",2
"Miquel, JF","Ojasoo, T",2
"Miquel, JF","Okubo, Y",2
"Ayllon, Juan M.","Martin-Martin, Alberto",3
"Li, Yunrong","Ruiz-Castillo, Javier",3
"Kim, Hong-Gee","Jeong, Senator",2
"Heimeriks, Gaston","Leydesdorff, Loet",2
"Navarro, G","BaezaYates, R",2
"Jiang, GH","Shan, S",2
"Jiang, GH","Jiang, L",2
"Visser, Martijn S.","Noyons, Ed C. M.",2
"Visser, Martijn S.","van Raan, Anthony F. J.",6
"Visser, Martijn S.","van Eck, Nees Jan",6
"Visser, Martijn S.","van Leeuwen, Thed N.",7
"Acosta, Manuel","Coronado, Daniel",3
"Ocholla, Dennis N.","Onyancha, Omwoyo Bosire",2
"Tsou, Andrew","Sugimoto, Cassidy R.",4
"Tsou, Andrew","Bowman, Timothy D.",2
"Bailon-Moreno, R","Ruiz-Banos, R",6
"Bailon-Moreno, R","Courtial, JP",5
"Yu, DR","Yu, G",3
"Ida, Takanori","Fukuzawa, Naomi",2
"Mendez, A","Fernandez, MT",2
"Zivkovic, Lazar","Babic, Dragan",2
"Solomon, David J.","Bjork, Bo-Christer",3
"Goncalves, Marcos Andre","Ferreira, Anderson A.",2
"Goncalves, Marcos Andre","Laender, Alberto H. F.",5
"Goncalves, Marcos Andre","da Silva, Altigran S.",2
"Wu, Mingfang","Turpin, Andrew",2
"Noyons, Ed C. M.","van Eck, Nees Jan",3
"Noyons, Ed C. M.","Calero-Medina, Clara",3
"Wang, Ming-Huang","Ho, Yuh-Shan",4
"Wang, Ming-Huang","Chuang, Kun-Yang",2
"Soffer, A","Carmel, D",2
"Song, Yanhui","Yang, Siluo",2
"Kass, Ariel","HaCohen-Kerner, Yaakov",2
"Kass, Ariel","Peretz, Ariel",2
"Hara, Noriko","Hew, Khe Foon",2
"Chang, Ching-Hsun","Chen, Yu-Shan",3
"Chang, Ching-Hsun","Shih, Chun-Yu",3
"Agosto, Denise E.","Hughes-Hassell, Sandra",2
"Raita, T","Bookstein, A",2
"Hinze, Sybille","Gorraiz, Juan",2
"Hinze, Sybille","Glanzel, Wolfgang",2
"Hinze, Sybille","Gumpenberger, Christian",2
"Hinze, Sybille","Hornbostel, Stefan",2
"Vela, Belen","Caceres, Paloma",3
"Nobarany, Syavash","Booth, Kellogg S.",2
"Park, Hyunseok","Kim, Kwangsoo",3
"Soderholm, Hanna M.","Sonnenwald, Diane H.",3
"Soderholm, Hanna M.","Welch, Greg",2
"Soderholm, Hanna M.","Fuchs, Henry",2
"Soderholm, Hanna M.","Cairns, Bruce",2
"Iyengar, SS","Zachary, J",2
"Yu, G","Li, YJ",2
"Dorta-Gonzalez, Pablo","Suarez-Vega, Rafael",2
"Dorta-Gonzalez, Pablo","Isabel Dorta-Gonzalez, Maria",2
"Alias, Rose Alinda","Tahira, Muzammil",2
"Alias, Rose Alinda","Bakri, Aryati",2
"Maluleka, Jan Resenga","Onyancha, Omwoyo Bosire",2
"Mayr, Philipp","Mutschke, Peter",2
"Buranathiti, T.","Markpin, T.",2
"Buranathiti, T.","Premkamolnetr, N.",2
"Buranathiti, T.","Ratchatahirun, P.",2
"Braun, T","Szabadi-Peresztegi, Z",2
"Braun, T","Schubert, A",8
"Braun, T","Kovacs-Nemeth, E",2
"MENDEZ, A","GOMEZ, I",6
"Joergensen, Corinne","Stvilia, Besiki",3
"Tang, Jie","Qin, Zheng",2
"Tang, Jie","Dong, Tianxi",2
"Tang, Jie","Shuai, Xin",2
"Ruiz-Banos, R","Courtial, JP",4
"Lo, Shihmin","Jang, Show-Ling",2
"Fu, Tom Z. J.","Chiu, Dah Ming",2
"GRUPP, H","GLANZEL, W",2
"Kumar, S","Karisiddappa, CR",3
"Kumar, S","Garg, KC",3
"Kumar, S","Sharma, P",2
"Huang, Mu-hsuan","Zheng, Jia",3
"Huang, Mu-hsuan","Zhao, Zhi-yun",2
"Viel, Fulvio","D'Angelo, Ciriaco Andrea",5
"Viel, Fulvio","Abramo, Giovanni",5
"Hartley, James","Betts, Lucy",3
"Hartley, James","Hubert, Gilles",2
"Hartley, James","Cabanac, Guillaume",5
"Klavans, Richard","Boyack, Kevin W.",13
"Chen, Ssu-Han","Chen, Dar-Zen",2
"Mehrdad, M","Heydari, A",2
"Adams, Jonathan","Gurney, Karen",3
"Large, Andrew","Beheshti, Jamshid",4
"Hou, Haiyan","Wang, Xianwen",2
"OLUICVUKOVIC, V","PRAVDIC, N",2
"Yaldram, K.","Bajwa, R. S.",2
"Moon, Hye-Seon","Yoo, Seung-Hoon",2
"van Eck, Nees Jan","Tijssen, Robert J. W.",2
"van Eck, Nees Jan","van Raan, Anthony F. J.",6
"van Eck, Nees Jan","van Leeuwen, Thed N.",6
"van Eck, Nees Jan","Wouters, Paul",3
"Bjork, Bo-Christer","Solomon, David",2
"Sagar, Anil","Surwase, Ganesh",2
"Sagar, Anil","Kademani, B. S.",3
"Sagar, Anil","Kumar, Anil",2
"Ang, Rebecca P.","Goh, Dion Hoe-Lian",2
"Ang, Rebecca P.","Lee, Chei Sian",2
"Wiles, Louise","Olds, Timothy",2
"Wiles, Louise","Williams, Marie",2
"Stopar, Karmen","Bartol, Tomaz",2
"Ramani, SV","de Looze, MA",2
"Braun, Tibor","Zador, Erika",3
"Garg, KC","Padhi, P",6
"Garg, KC","Sharma, P",2
"Garg, KC","Karki, MMS",2
"Lewison, Grant","Roe, Philip",3
"Lewison, Grant","Webber, Richard",2
"Lewison, Grant","Sullivan, Richard",2
"Alonso, S.","Cabrerizo, F. J.",3
"Alonso, S.","Herrera, F.",3
"Jesus Mancebon-Torrubia, Maria","Maria Gomez-Sancho, Jose",2
"Rivas, AL","Deshler, JD",3
"Rivas, AL","Quimby, FW",3
"Rivas, AL","Lein, DH",2
"Rivas, AL","Wilson, DJ",2
"Rivas, AL","Gonzalez, RN",3
"Rivas, AL","Mohammed, HO",2
"Rivas, AL","Colle, RD",2
"Wolfram, Dietmar","Ajiferuke, Isola",4
"Wolfram, Dietmar","Zhao, Yuehua",2
"Wolfram, Dietmar","Zhang, Jin",4
"Wolfram, Dietmar","Wang, Peiling",3
"DORE, JC","OKUBO, Y",2
"Isabel Dorta-Gonzalez, Maria","Suarez-Vega, Rafael",2
"Gauffriau, Marianne","Larsen, Peder Olesen",2
"Gauffriau, Marianne","von Ins, Markus",2
"Feng, Yuqiang","Li, Yongli",2
"Jiang, L","Shan, S",2
"Chaimovich, H","Leta, J",2
"Albarran, Pedro","Ruiz-Castillo, Javier",8
"Martinez, Ana B.","De Andres, Javier",2
"Martinez, Ana B.","Lorca, Pedro",2
"Boell, Sebastian K.","Wilson, Concepcion S.",2
"Hubert, Gilles","Cabanac, Guillaume",3
"Cobo, M. J.","Herrera, F.",3
"Cobo, M. J.","Lopez-Herrera, A. G.",3
"Chen, Dar-Zen","Zheng, Jia",2
"Chen, Dar-Zen","Kuan, Chung-Huei",4
"Chen, Dar-Zen","Sung, Hui-Yun",3
"Chen, Dar-Zen","Yang, Hsiao-Wen",3
"Chen, Dar-Zen","Lei, Xiao-Ping",3
"Chen, Dar-Zen","Fu, Jun-Ying",3
"Chen, Dar-Zen","Lin, Chi-Shiou",2
"Chen, Dar-Zen","Dong, Huei-Ru",2
"Reeves, Kingsley A.","Cimenler, Oguz",2
"Reeves, Kingsley A.","Skvoretz, John",2
"Schlemmer, Balazs","Glanzel, Wolfgang",2
"Park, Yongtae","Shin, Juneseuk",2
"Lee, Chei Sian","Goh, Dion Hoe-Lian",2
"Rowley, Jennifer","Urquhart, Christine",2
"Heinz, M","Havemann, F",3
"Bordons, Maria","Gomez, Isabel",2
"Bordons, Maria","van Leeuwen, Thed N.",4
"Bordons, Maria","Diaz-Faes, Adrian A.",3
"Bordons, Maria","Costas, Rodrigo",10
"Bordons, Maria","Aparicio, Javier",3
"Lyu, Peng-Hui","Yao, Qiang",2
"PORTER, AL","CHUBIN, DE",2
"Lee, Lung-Hao","Chen, Hsin-Hsi",2
"Shih, Chun-Yu","Chen, Yu-Shan",4
"Hutchinson, Hilary","Golub, Evan",2
"Hutchinson, Hilary","Druin, Allison",2
"Lee, Matthew K. O.","Liu, Ivy L. B.",2
"Lee, Matthew K. O.","Cheung, Christy M. K.",5
"NEDERHOF, AJ","MEIJER, RF",2
"NEDERHOF, AJ","MOED, HF",3
"Premkamolnetr, N","Sombatsompop, N",2
"Premkamolnetr, N","Markpin, T",2
"Matic, Rada","Vidakovic, Vera",2
"Matic, Rada","Stefanovic, Milena",2
"Matic, Rada","Smiljanic, Miroslava",2
"Castellano, Claudio","Radicchi, Filippo",5
"Zacca-Gonzalez, Grisel","Vargas-Quesada, Benjamin",2
"Rousseau, Ronald","Yan, Sulan",2
"Rousseau, Ronald","Guns, Raf",10
"Rousseau, Ronald","Mahbuba, Dilruba",2
"Rousseau, Ronald","Ye, Fred Y.",7
"Rousseau, Ronald","Liu, Yuxian",9
"Rousseau, Ronald","Yang, Liying",5
"Rousseau, Ronald","Liang, Liming",9
"Rousseau, Ronald","Glanzel, Wolfgang",2
"Rousseau, Ronald","Xu, Fang",2
"Rousseau, Ronald","Liu, Wenbin",2
"Rousseau, Ronald","Rousseau, Sandra",3
"Rousseau, Ronald","Ding, Jielan",2
"Cronin, Blaise","Sugimoto, Cassidy R.",6
"Cronin, Blaise","Meho, Lokman I.",3
"Cronin, Blaise","Ni, Chaoqun",2
"Gingras, Yves","Archambault, Eric",6
"Zhang, HJ","Liu, WY",2
"Zhang, HJ","Zheng, C",2
"Premkamolnetr, N.","Markpin, T.",4
"Premkamolnetr, N.","Ratchatahirun, P.",4
"Mukhopadhyay, S","Raje, R",2
"Mukhopadhyay, S","Peng, S",2
"Mukhopadhyay, S","Mostafa, J",2
"Qin, Jialun","Chen, Hsinchun",2
"Hemminger, Bradley M.","Niu, Xi",2
"Xu, H","Wu, CW",2
"Martinez, Raquel","Fresno, Victor",2
"Ossenblok, Truyken L. B.","Engels, Tim C. E.",3
"Zheng, Jia","Zhao, Zhi-yun",2
"Zheng, Jia","Lei, Xiao-Ping",2
"Stvilia, Besiki","Hinnant, Charles C.",2
"Stvilia, Besiki","Twidale, Michael B.",2
"Stvilia, Besiki","Worrall, Adam",2
"Stvilia, Besiki","Wu, Shuheng",2
"Stvilia, Besiki","Kazmer, Michelle M.",2
"McCarty, Christopher","Jawitz, James W.",3
"McCarty, Christopher","Goldman, Alex",2
"Druin, Allison","Golub, Evan",2
"Roche, Ivana","Francois, Claire",4
"Roche, Ivana","Schiebel, Edgar",4
"Wuehrer, Gerhard A.","Smejkal, Angela Elisabeth",2
"Panzarasa, P.","Lambiotte, R.",2
"Figueira, I","Leta, J",2
"Ke, Hao-Ren","Chen, Ya-Ning",2
"Andrei, Tudorel","Teodorescu, Daniel",2
"Gemba, Kiminori","Tamada, Schumpeter",2
"Yurtsever, E","Gulgoz, S",2
"Aker, Ahmet","Gaizauskas, Robert",2
"Liang, Liming","Glanzel, Wolfgang",3
"Roe, Philip","Webber, Richard",2
"Murgia, Gianluca","D'Angelo, Ciriaco Andrea",3
"Murgia, Gianluca","Abramo, Giovanni",3
"Lalmas, M","Ruthven, I",2
"Lalmas, M","van Rijsbergen, K",2
"Warwick, Claire","Rimmer, Jon",2
"Warwick, Claire","Gow, Jeremy",2
"Zhang, Qingpu","Zhao, Limei",2
"Chen, DZ","Chang, HW",2
"Ye, Fred Y.","Leydesdorff, Loet",2
"Ye, Fred Y.","Tan, Alice M.",2
"Ye, Fred Y.","Wang, Mona S.",2
"Chen, Tzeng-Ji","Chou, Li-Fang",3
"Chen, Tzeng-Ji","Chen, Yu-Chun",3
"Chen, Tzeng-Ji","Hwang, Shinn-Jang",2
"Mas-Bleda, Amalia","Aguillo, Isidro F.",2
"Gilyarevskii, RS","Chernyi, AI",2
"Seiler, Christian","Wohlrabe, Klaus",3
"Ivanovic, Dragan","Ho, Yuh-Shan",2
"Liu, Ivy L. B.","Cheung, Christy M. K.",2
"Norris, Michael","Oppenheim, Charles",4
"MCGINNIS, R","LONG, JS",3
"Zhou, Ping","Glanzel, Wolfgang",3
"Zhou, Ping","Leydesdorff, Loet",8
"Schubert, A","Thijs, B",2
"Liang, LM","Guo, YZ",2
"Liang, LM","Kretschmer, H",3
"Liang, LM","Kundra, R",2
"Shibata, Naoki","Kajikawa, Yuya",3
"Jacob, Elin K.","Yan, Erjia",3
"Lanamaki, Arto","Mehdi, Mohamad",2
"Lanamaki, Arto","Okoli, Chitu",2
"Lanamaki, Arto","Nielsen, Finn Arup",2
"Lanamaki, Arto","Mesgari, Mostafa",2
"Purnell, Philip J.","Gorraiz, Juan",2
"Jansen, Bernard J.","Zhang, Mimi",2
"Su, Jun","Huang, Cui",2
"Gentil-Beccot, Anne","Mele, Salvatore",2
"Bowman, Timothy D.","Sugimoto, Cassidy R.",2
"Bowman, Timothy D.","Ni, Chaoqun",2
"Zhang, Yi","Zhou, Xiao",3
"Glanzel, Wolfgang","Debackere, Koenraad",3
"Glanzel, Wolfgang","Gumpenberger, Christian",2
"Glanzel, Wolfgang","Hornbostel, Stefan",2
"Glanzel, Wolfgang","Liu, Xinhai",5
"Glanzel, Wolfgang","Gorraiz, Juan",3
"Kazmer, Michelle M.","Hinnant, Charles C.",2
"Kazmer, Michelle M.","Worrall, Adam",2
"Kazmer, Michelle M.","Lustria, Mia Liza A.",2
"Shapira, Philip","Youtie, Jan",4
"Shapira, Philip","Goek, Abdullah",2
"Lafouge, Thierry","Agouzal, Abdelatif",2
"Lafouge, Thierry","Bador, Pascal",2
"Peck, C","Ahmed, T",2
"Okoli, Chitu","Mehdi, Mohamad",2
"Okoli, Chitu","Nielsen, Finn Arup",2
"Okoli, Chitu","Mesgari, Mostafa",2
"Khan, Gohar Feroz","Moon, Junghoon",2
"Khan, Gohar Feroz","Swar, Bobby",3
"Khan, Gohar Feroz","Wood, Jacob",2
"Yu, Guang","Wang, Ming-Yang",2
"Yu, Guang","An, Shuang",2
"Yu, Guang","Yu, Tian",2
"Yu, Guang","Wang, Mingyang",3
"Yu, Guang","Yu, Daren",3
"Yu, Guang","Wang, Liang",2
"Mengle, Saket S. R.","Goharian, Nazli",2
"Okubo, Y","Abd el Kader, M",2
"Okubo, Y","Ojasoo, T",2
"Navarro-Molina, Carolina","Gonzalez-Alcaide, Gregorio",2
"Hossain, Liaquat","Uddin, Shahadat",3
"Barrios, Maite","Gomez-Benito, Juana",2
"Barrios, Maite","Villarroya, Anna",5
"Barrios, Maite","Dehdarirad, Tahereh",2
"Barrios, Maite","Borrego, Angel",4
"Williams, Marie","Olds, Timothy",2
"Rao, IKR","Egghe, L",2
"Zhu, Yongjun","Yan, Erjia",2
"Chen, Hsin-Hsi","Ku, Lun-Wei",2
"Schier, Hermann","Daniel, Hans-Dieter",4
"Chou, Li-Fang","Chen, Yu-Chun",2
"Chou, Li-Fang","Hwang, Shinn-Jang",2
"Sun, Ying","Wacholder, Nina",3
"Sun, Ying","Strzalkowski, Tomek",3
"Sun, Ying","Bai, Bing",2
"Sun, Ying","Small, Sharon",2
"Li, Weiping","Wang, Yuandi",2
"Freire Coutinho, Evandro Silva","Figueira, Ivan",2
"Tahira, Muzammil","Bakri, Aryati",2
"Yi, Yong","Qi, Wei",2
"Cheng, Ying","Liu, Nian Cai",3
"Cheng, Ying","Zhang, Zhihui",2
"Calderon-Martinez, Aurora","Ruiz-Conde, Enar",2
"Kajikawa, Yuya","Nakamura, Hiroko",2
"An, Shuang","Wang, Mingyang",2
"An, Shuang","Yu, Daren",2
"Wu, Hao","He, Jun",2
"Wu, Hao","Pei, Yijian",2
"Verleysen, Frederik T.","Engels, Tim C. E.",5
"Skvoretz, John","Cimenler, Oguz",2
"Abbasi, Ahmed","Fu, Tianjun",2
"Abbasi, Ahmed","Chen, Hsinchun",2
"Bosnjak, Lana","Marusic, Ana",2
"SWEENEY, E","SMALL, H",2
"Pais, Alberto A. C. C.","Formosinho, Sebastiao J.",2
"Peritz, BC","Bar-Ilan, J",3
"Lustria, Mia Liza A.","Cortese, Juliann",2
"van Rijsbergen, K","Ruthven, I",2
"Stare, Janez","Blagus, Rok",2
"Sugimoto, Cassidy R.","Ni, Chaoqun",6
"Sugimoto, Cassidy R.","Demarest, Bradford",2
"Sugimoto, Cassidy R.","Yan, Erjia",4
"Lucio-Arias, Diana","Leydesdorff, Loet",4
"Yeganova, Lana","Wilbur, W. John",2
"Yeganova, Lana","Comeau, Donald C.",2
"Lim, Andrew","Li, Chongshou",3
"You, Justin","Vaughan, Liwen",3
"Tijssen, Robert J. W.","van Raan, Anthony F. J.",2
"Berche, B.","Holovatch, Yu.",4
"Marinova, D","McAleer, M",3
"Schiebel, Edgar","Francois, Claire",4
"Leydesdorff, Loet","Rotolo, Daniele",3
"Leydesdorff, Loet","Rafols, Ismael",10
"Leydesdorff, Loet","Wagner, Caroline",4
"Leydesdorff, Loet","Chen, Chaomei",2
"Leydesdorff, Loet","de Moya-Anegon, Felix",2
"ROUSSEAU, R","EGGHE, L",2
"Dong, Tianxi","Qin, Zheng",2
"Raban, Daphne","Bodoff, David",2
"Chung, Wingyan","Chen, Hsinchun",3
"Yu, Hairong","Wilson, Concepcion S.",2
"Reedijk, J","Moed, HF",2
"Bonaccorsi, A","Daraio, C",3
"Quirin, Arnaud","Vargas-Quesada, Benjamin",2
"QUONIAM, L","DOU, H",4
"QUONIAM, L","HASSANALY, P",2
"Kaul, Arshia","Shilpa",2
"Kaul, Arshia","Bhattacharya, Sujit",2
"Tang, R","Thelwall, M",3
"Doreian, Patrick","Mali, Franc",3
"Doreian, Patrick","Ferligoj, Anuska",3
"Cortez, Eli","da Silva, Altigran S.",2
"Ferligoj, Anuska","Mali, Franc",3
"MACZELKA, H","GLANZEL, W",2
"MACZELKA, H","SCHUBERT, A",3
"Isabel Escalona, M.","Pulgarin, Antonio",2
"Smith, A","Thelwall, M",2
"Bettencourt, Luis M. A.","Kaiser, David I.",2
"Bettencourt, Luis M. A.","Kaur, Jasleen",2
"Barberio, Vitaliano","Lepori, Benedetto",2
"Guns, Raf","Liu, Yuxian",3
"Kang, Jaewoo","Yeo, Woondong",2
"Kang, Jaewoo","Kim, Seonho",2
"Smiljanic, Miroslava","Vidakovic, Vera",2
"Smiljanic, Miroslava","Stefanovic, Milena",2
"Jonkers, K.","Derrick, G. E.",3
"Nilsson, Torbjorn K.","Breimer, Lars H.",2
"Grant, C","Eichhorn, G",2
"Grant, C","Accomazzi, A",2
"Grant, C","Kurtz, MJ",2
"Wang, Mingyang","Yu, Daren",3
"ZSINDELY, S","SCHUBERT, A",5
"Serenko, Alexander","Booker, Lorne D.",3
"Ocalan, H. Cagdas","Kocberber, Seyit",2
"Ocalan, H. Cagdas","Can, Fazli",2
"Arencibia-Jorge, Ricardo","de Moya-Anegon, Felix",2
"Wang, Xianbing","Wang, Chuanli",2
"Wang, Xianbing","Zhang, Chunbo",2
"Wang, Xianbing","Wang, Xianwen",2
"Wang, Xianbing","Wang, Zhi",2
"Wang, Xianbing","Xu, Shenmeng",2
"Wang, Xianbing","Peng, Lian",2
"Surwase, Ganesh","Kademani, B. S.",2
"He, Jun","Pei, Yijian",2
"Hu, Chang-Ping","Hu, Ji-Ming",2
"D'Angelo, Ciriaco Andrea","Rosati, Francesco",6
"D'Angelo, Ciriaco Andrea","Solazzi, Marco",5
"D'Angelo, Ciriaco Andrea","Abramo, Giovanni",59
"D'Angelo, Ciriaco Andrea","Cicero, Tindaro",13
"D'Angelo, Ciriaco Andrea","Di Costa, Flavia",9
"Ramanana-Rahary, S","Zitt, M",4
"Nov, Oded","Ye, Chen",3
"Persson, Olle","Ahlgren, Per",3
"Dhawan, S. M.","Gupta, B. M.",3
"Hwang, Shinn-Jang","Chen, Yu-Chun",2
"ZUCKERMAN, H","MILLER, RB",2
"Leta, J","Thijs, B",2
"Eichhorn, G","Accomazzi, A",2
"Eichhorn, G","Kurtz, MJ",2
"Ferreira, Anderson A.","Laender, Alberto H. F.",2
"Mostafa, J","Raje, R",2
"Mostafa, J","Peng, S",2
"Abuhimed, Dhary","Lamoureux, Isabelle",3
"Abuhimed, Dhary","Beheshti, Jamshid",2
"Liu, Shengbo","Chen, Chaomei",3
"Liu, Shengbo","Wang, Bo",2
"Buckley, Kevan","Paltoglou, Georgios",3
"Carlos Valderrama-Zurian, Juan","Gonzalez-Alcaide, Gregorio",2
"Bhattacharya, Sujit","Shilpa",3
"Wacholder, Nina","Strzalkowski, Tomek",3
"Wacholder, Nina","Bai, Bing",2
"Wacholder, Nina","Small, Sharon",2
"Lamoureux, Isabelle","Beheshti, Jamshid",2
"Cho, Yongrae","Kim, Wonjoon",2
"Bawden, David","Robinson, Lyn",4
"Lopez-Herrera, A. G.","Herrera, F.",4
"Kademani, B. S.","Kumar, Anil",2
"Zhang, Chunbo","Wang, Chuanli",2
"Zhang, Chunbo","Wang, Xianwen",3
"Zhang, Chunbo","Wang, Zhi",2
"Zhang, Chunbo","Xu, Shenmeng",3
"Zhang, Chunbo","Peng, Lian",2
"van Leeuwen, TN","Rinia, EJ",2
"van Leeuwen, TN","Moed, HF",3
"van Leeuwen, TN","van Vuren, HG",2
"van den Besselaar, Peter","Gurney, Thomas",2
"van den Besselaar, Peter","Horlings, Edwin",3
"Hussey, Thomas W.","Comins, Jordan A.",2
"Liu, Di","Wang, Xianwen",2
"Vaughan, Liwen","Yang, Rongbin",2
"Golub, Koraljka","Tudhope, Douglas",2
"Markpin, T","Sombatsompop, N",5
"Kageura, K","Tsuji, K",3
"TODOROV, R","WINTERHAGER, M",2
"Boyack, Kevin W.","Boerner, Katy",2
"Ho, Yuh-Shan","Chuang, Kun-Yang",4
"van Vuren, HG","Rinia, EJ",2
"Vidakovic, Vera","Stefanovic, Milena",2
"Li, Yu","Yuan, Shunbo",2
"Yeo, Woondong","Kim, Seonho",2
"Gonzalez, RN","Deshler, JD",2
"Gonzalez, RN","Wilson, DJ",2
"Gonzalez, RN","Colle, RD",2
"Gonzalez, RN","Quimby, FW",3
"Gonzalez, RN","Lein, DH",2
"Gonzalez, RN","Mohammed, HO",2
"Yang, Siluo","Qiu, Junping",2
"Pereira, JCR","Escuder, MML",3
"Kundra, R","Kretschmer, H",3
"Blake, Catherine","Pratt, Wanda",2
"Grant, J","Lewison, G",2
"Jansen, BJ","Spink, A",2
"Hinnant, Charles C.","Worrall, Adam",2
"De Andres, Javier","Lorca, Pedro",2
"Yang, Christopher C.","Wang, Fu Lee",2
"Azagra-Caro, Joaquin M.","Mattsson, Pauline",2
"Levene, Mark","Keenoy, Kevin",2
"Levene, Mark","Bar-Ilan, Judit",5
"Kilicoglu, H","Rindflesch, TC",2
"Kilicoglu, H","Humphrey, SM",2
"Persson, O","Danell, R",5
"Wolfram, D","Spink, A",2
"Wolfram, D","Zhang, J",2
"Aksnes, DW","Seglen, PO",2
"Sicilia, Miguel-Angel","Sanchez-Alonso, Salvador",2
"Chau, Michael","Chen, Hsinchun",2
"ARVANITIS, R","CHATELIN, Y",2
"Peretz, Ariel","HaCohen-Kerner, Yaakov",2
"Wang, Chuanli","Wang, Xianwen",4
"Wang, Chuanli","Wang, Zhi",3
"Wang, Chuanli","Xu, Shenmeng",3
"Wang, Chuanli","Peng, Lian",4
"Cicero, Tindaro","Abramo, Giovanni",13
"Bai, Bing","Strzalkowski, Tomek",2
"PESSOT, R","KRAUSKOPF, M",2
"Gu, Xin","Wang, Yuandi",3
"Zhang, Zhu","Chen, Hsinchun",2
"Gomes, J. A. N. F.","Vieira, E. S.",2
"Gaudy, Jean-Francois","Wilson, Concepcion S.",2
"Huang, Tinglei","Fu, Kun",2
"Huang, Xiaoli","Soergel, Dagobert",2
"Quimby, FW","Deshler, JD",2
"Quimby, FW","Wilson, DJ",2
"Quimby, FW","Colle, RD",2
"Quimby, FW","Lein, DH",2
"Quimby, FW","Mohammed, HO",2
"van Leeuwen, Thed N.","Costas, Rodrigo",7
"van Leeuwen, Thed N.","van Raan, Anthony F. J.",10
"GLANZEL, W","SCHOEPFLIN, U",2
"GLANZEL, W","SCHUBERT, A",24
"SCHARNHORST, A","BRUCKNER, E",2
"Lee, Duk Hee","Seo, Il Won",2
"Radicchi, Filippo","Kaur, Jasleen",3
"Radicchi, Filippo","Menczer, Filippo",3
"Schneider, Jesper W.","Borlund, Pia",2
"Hu, Zhigang","Chen, Chaomei",3
"van Raan, Anthony F. J.","Costas, Rodrigo",3
"Rimmer, Jon","Gow, Jeremy",2
"Ramirez, AM","Garcia, EO",2
"HASSANALY, P","DOU, H",2
"Xu, Fang","Liu, Wenbin",2
"Lein, DH","Deshler, JD",2
"Lein, DH","Wilson, DJ",2
"Lein, DH","Mohammed, HO",2
"McAleer, M","Slottje, D",2
"Granadino, Begona","Plaza, Luis M.",2
"Kovacs-Nemeth, E","Szabadi-Peresztegi, Z",2
"Bartlett, Gillian","Grad, Roland",2
"Bartlett, Gillian","Granikov, Vera",2
"Foster, A","Spink, A",6
"Foster, A","Ellis, D",6
"Foster, A","Ford, N",6
"Sakr, Sherif","Alomari, Mohammad",2
"Jimenez-Contreras, Evaristo","Ruiz-Banos, Rosario",2
"Thijs, B","Schlemmer, B",3
"Rezaie, Somayeh","Kousha, Kayvan",3
"Luk, Robert W. P.","Allan, James",2
"Aguillo, Isidro F.","Ortega, Jose L.",2
"Teresa Martin-Valdivia, M.","Perea-Ortega, Jose M.",2
"Teresa Martin-Valdivia, M.","Alfonso Urena-Lopez, L.",3
"Yu, Chuanming","An, Lu",2
"Fu, Lawrence D.","Aliferis, Constantin F.",3
"Fu, Lawrence D.","Aphinyanaphongs, Yindalon",2
"Chen, Jennifer H.","Jang, Show-Ling",5
"Martin-Sempere, MJ","Rey-Rocha, J",4
"Wilbur, W. John","Comeau, Donald C.",2
"Nachmias, Rafi","Bergman, Ofer",2
"Wong, Wilson","Thangarajah, John",2
"Liu, Nian Cai","Zhang, Zhihui",2
"Schwechheimer, H","Winterhager, M",2
"Wang, Zhi","Xu, Shenmeng",4
"Wang, Zhi","Wang, Xianwen",5
"Wang, Zhi","Peng, Lian",3
"Shema, Hadas","Bar-Ilan, Judit",3
"Ruiz-Castillo, Javier","Perianes-Rodriguez, Antonio",4
"Ruiz-Castillo, Javier","Herranz, Neus",4
"Can, Fazli","Kocberber, Seyit",3
"Hornbostel, Stefan","Gorraiz, Juan",2
"Hornbostel, Stefan","Gumpenberger, Christian",2
"Goldman, Alex","Jawitz, James W.",2
"Xu, Shenmeng","Wang, Xianwen",7
"Xu, Shenmeng","Peng, Lian",3
"Lee, Tian-Shyug","Yan, Bei-Ni",2
"Humphrey, SM","Rindflesch, TC",2
"Wilson, DJ","Deshler, JD",2
"Wilson, DJ","Mohammed, HO",2
"Moya-Anegon, Felix","Perianes-Rodriguez, Antonio",2
"Moya-Anegon, Felix","Vargas-Quesada, Benjamin",4
"Bergman, Ofer","Whittaker, Steve",2
"Chen, Chaomei","Zhang, Jian",2
"Chen, Chaomei","Vogeley, Michael S.",2
"Chua, Alton Y. K.","Banerjee, Snehasish",2
"Diallo, Saikou Y.","Lynch, Christopher J.",2
"Liu, WY","Zheng, C",2
"Shaw, D","Cronin, B",4
"Shaw, D","Vaughan, L",2
"Shaw, D","La Barre, K",2
"Wang, Yuandi","Pan, Xiongfeng",3
"Nielsen, Finn Arup","Mehdi, Mohamad",2
"Nielsen, Finn Arup","Mesgari, Mostafa",2
"Chang, Ke-Chiun","Chen, Yu-Shan",4
"Chang, Ke-Chiun","Zhang, Sifei",2
"Ferrara, Alfio","Salini, Silvia",2
"de Moya-Anegon, Felix","Vargas-Quesada, Benjamin",5
"de Moya-Anegon, Felix","Gomez-Nunez, Antonio J.",2
"Ahmed, K. K. Mueen","Gupta, B. M.",2
"Schmoch, Ulrich","Schubert, Torben",2
"Bjorneborn, L","Ingwersen, P",3
"Clarke, Rachel Ivy","Lee, Jin Ha",2
"Wang, Peiling","Zhang, Jin",3
"Villarroya, Anna","Dehdarirad, Tahereh",2
"Villarroya, Anna","Borrego, Angel",3
"Sun, Kai","Chiu, Kuei",2
"Sanderson, M","Beaulieu, M",2
"Shaw, Debora","Lind, Sean M.",2
"Cairns, Bruce","Sonnenwald, Diane H.",2
"Cairns, Bruce","Welch, Greg",2
"Cairns, Bruce","Fuchs, Henry",2
"Fu, Tianjun","Chen, Hsinchun",3
"Mahajan, Preeti","Kaur, Har",3
"Gorraiz, Juan","Gumpenberger, Christian",15
"Thelwall, M","Musgrove, P",3
"Thelwall, M","Vaughan, L",2
"Mao, Wenli","Wang, Xianwen",5
"Bar-Ilan, Judit","Keenoy, Kevin",2
"Di Guardo, Maria Chiara","Ennas, Gianfranco",2
"Marsh, Herbert W.","Jayasinghe, Upali W.",2
"Mohammed, HO","Deshler, JD",2
"Peng, S","Raje, R",2
"Ellis, D","Spink, A",6
"Ellis, D","Ford, N",6
"Rodriguez, Victor","Debackere, Koenraad",2
"Korhonen, Pekka","Wallenius, Jyrki",2
"Kurtz, MJ","Accomazzi, A",2
"Larsen, Peder Olesen","von Ins, Markus",3
"Granikov, Vera","Grad, Roland",2
"Vasalou, Asimina","Joinson, Adam",2
"White, RW","Ruthven, I",2
"Kim, Hyun Hee","Kim, Yong Ho",3
"Beaver, Donald deB.","Kretschmer, Theo",3
"Wang, Xianwen","Luan, Chunjuan",2
"Wang, Xianwen","Peng, Lian",4
"Chen, Hsinchun","Liu, Xuan",2
"Boerner, Katy","Zoss, Angela M.",2
"Vogeley, Michael S.","Zhang, Jian",2
"Grossman, David","Beitzel, Steven M.",2
"Grossman, David","Frieder, Ophir",2
"Small, Sharon","Strzalkowski, Tomek",2
"Ketzler, Rolf","Zimmermann, Klaus F.",2
"Wouters, Paul","Costas, Rodrigo",2
"Wisniewski, Pamela","Xu, Heng",2
"Repchinsky, Carol","Grad, Roland",2
"Mesgari, Mostafa","Mehdi, Mohamad",2
"Arvanitis, R","Russell, JM",2
"Thong, James Y. L.","Tam, Kar Yan",2
"La Barre, K","Cronin, B",2
"Aphinyanaphongs, Yindalon","Aliferis, Constantin F.",2
"Wei, Furu","Li, Wenjie",2
"Kaur, Jasleen","Kaiser, David I.",2
"Kaur, Jasleen","Menczer, Filippo",3
"Ruthven, I","Jose, JM",2
"Alfonso Urena-Lopez, L.","Perea-Ortega, Jose M.",2
"Markpin, T.","Ratchatahirun, P.",4
"Bogers, Toine","van den Bosch, Antal",2
"Bogers, Toine","de Rijke, Maarten",2
"Horlings, Edwin","Gurney, Thomas",3
"Singh, Annette","Wong, Poh Kam",2
"Yan, Erjia","Zhu, Qinghua",2
"Solazzi, Marco","Abramo, Giovanni",5
"Van Leeuwen, TN","Moed, HF",2
"Fragkiadaki, Eleni","Evangelidis, Georgios",3
"Jaime, A.","Martinez, H.",2
"Gomez-Nunez, Antonio J.","Vargas-Quesada, Benjamin",3
"Spink, A","Ford, N",6
"Armando Ronda-Pupo, Guillermo","Angel Guerras-Martin, Luis",2
"Abramo, Giovanni","Rosati, Francesco",6
"Abramo, Giovanni","Di Costa, Flavia",9
"Lee, D. L.","Ho, K. S.",2
"Sidiropoulos, Antonis","Katsaros, Dimitrios",2
"Ma, Z","Pan, YT",2
"Frieder, Ophir","Beitzel, Steven M.",2
"Harzing, Anne-Wil","Alakangas, Satu",2
"Sonnenwald, Diane H.","Fuchs, Henry",2
"Sonnenwald, Diane H.","Welch, Greg",2
"Fuchs, Henry","Welch, Greg",2
"Herrera, F.","Cabrerizo, F. J.",3
